url,country,page_type,cluster,primary_keyword,word_count,guide_min,guide_max,status,note
https://pixvo.tech/mx/,mx,home,brand,Pixvo,1128,900,1400,dentro_de_guia,Rango editorial orientativo; no es un umbral de ranking.
https://pixvo.tech/mx/sistema-crecimiento-digital/,mx,commercial_hub,growth-system,sistema de crecimiento digital para PyMEs,1358,1200,1800,dentro_de_guia,Rango editorial orientativo; no es un umbral de ranking.
https://pixvo.tech/mx/planes/,mx,pricing,conversion,precios Pixvo Growth System,1354,1200,1800,dentro_de_guia,Rango editorial orientativo; no es un umbral de ranking.
https://pixvo.tech/mx/auditoria-crecimiento-digital/,mx,audit,conversion,auditoría de crecimiento digital,1370,1200,1800,dentro_de_guia,Rango editorial orientativo; no es un umbral de ranking.
https://pixvo.tech/mx/solicitar-diagnostico/,mx,lead_form,conversion,solicitar diagnóstico Pixvo,73,,,sin_rango_editorial,Sin rango orientativo definido en el encargo.
https://pixvo.tech/mx/nosotros/,mx,about,brand,sobre Pixvo,680,600,1000,dentro_de_guia,Rango editorial orientativo; no es un umbral de ranking.
https://pixvo.tech/mx/contacto/,mx,contact,brand,contacto Pixvo,72,,,sin_rango_editorial,Sin rango orientativo definido en el encargo.
https://pixvo.tech/mx/soluciones/seo-para-pymes/,mx,solution,seo,SEO para PyMEs,1296,1200,1800,dentro_de_guia,Rango editorial orientativo; no es un umbral de ranking.
https://pixvo.tech/mx/soluciones/seo-wordpress/,mx,solution,seo,SEO para WordPress,1268,900,1500,dentro_de_guia,Rango editorial orientativo; no es un umbral de ranking.
https://pixvo.tech/mx/soluciones/contenido-seo/,mx,solution,seo,servicio de contenido SEO,1316,900,1500,dentro_de_guia,Rango editorial orientativo; no es un umbral de ranking.
https://pixvo.tech/mx/soluciones/automatizacion-de-procesos/,mx,solution,automation,automatización de procesos para PyMEs,1276,1200,1800,dentro_de_guia,Rango editorial orientativo; no es un umbral de ranking.
https://pixvo.tech/mx/soluciones/automatizacion-de-marketing/,mx,solution,automation,automatización de marketing para PyMEs,1252,900,1500,dentro_de_guia,Rango editorial orientativo; no es un umbral de ranking.
https://pixvo.tech/mx/soluciones/seguimiento-de-leads/,mx,solution,leads,automatización del seguimiento de leads,1251,1200,1800,dentro_de_guia,Rango editorial orientativo; no es un umbral de ranking.
https://pixvo.tech/mx/soluciones/analitica-digital/,mx,solution,analytics,consultoría de analítica digital,1343,900,1500,dentro_de_guia,Rango editorial orientativo; no es un umbral de ranking.
https://pixvo.tech/mx/soluciones/optimizacion-wordpress/,mx,solution,wordpress,optimización WordPress para empresas,1268,900,1500,dentro_de_guia,Rango editorial orientativo; no es un umbral de ranking.
https://pixvo.tech/mx/soluciones/optimizacion-de-conversion/,mx,solution,cro,optimización de conversión web,1258,900,1500,dentro_de_guia,Rango editorial orientativo; no es un umbral de ranking.
https://pixvo.tech/mx/problemas/leads-no-convierten/,mx,problem,leads,por qué mis leads no convierten,975,900,1400,dentro_de_guia,Rango editorial orientativo; no es un umbral de ranking.
https://pixvo.tech/mx/problemas/reducir-tareas-manuales/,mx,problem,automation,automatizar tareas repetitivas,954,900,1400,dentro_de_guia,Rango editorial orientativo; no es un umbral de ranking.
https://pixvo.tech/mx/problemas/web-no-convierte/,mx,problem,cro,mi web recibe visitas pero no vende,980,900,1400,dentro_de_guia,Rango editorial orientativo; no es un umbral de ranking.
https://pixvo.tech/mx/problemas/dependencia-publicidad-paga/,mx,problem,seo,reducir dependencia de publicidad pagada,961,900,1400,dentro_de_guia,Rango editorial orientativo; no es un umbral de ranking.
https://pixvo.tech/mx/problemas/medir-resultados-marketing/,mx,problem,analytics,medir resultados de marketing,940,900,1400,dentro_de_guia,Rango editorial orientativo; no es un umbral de ranking.
https://pixvo.tech/mx/problemas/conectar-marketing-y-ventas/,mx,problem,leads,conectar marketing y ventas,953,900,1400,dentro_de_guia,Rango editorial orientativo; no es un umbral de ranking.
https://pixvo.tech/mx/problemas/wordpress-lento/,mx,problem,wordpress,WordPress lento,971,900,1400,dentro_de_guia,Rango editorial orientativo; no es un umbral de ranking.
https://pixvo.tech/mx/problemas/contenido-no-genera-clientes/,mx,problem,seo,contenido que no genera clientes,971,900,1400,dentro_de_guia,Rango editorial orientativo; no es un umbral de ranking.
https://pixvo.tech/mx/casos-de-exito/,mx,case_index,proof,casos de éxito Pixvo,785,700,1200,dentro_de_guia,Rango editorial orientativo; no es un umbral de ranking.
https://pixvo.tech/mx/casos-de-exito/microcuotas/,mx,case_study,automation,caso de éxito de automatización de leads: Microcuotas,1281,1000,1800,dentro_de_guia,Rango editorial orientativo; no es un umbral de ranking.
https://pixvo.tech/mx/casos-de-exito/hospital-metropolitano/,mx,case_study,automation,plataforma de eventos Hospital Metropolitano,1172,1000,1800,dentro_de_guia,Rango editorial orientativo; no es un umbral de ranking.
https://pixvo.tech/mx/casos-de-exito/sanidad-web/,mx,case_study,wordpress,caso Sanidad Web,1176,1000,1800,dentro_de_guia,Rango editorial orientativo; no es un umbral de ranking.
https://pixvo.tech/mx/casos-de-exito/paola-informa/,mx,case_study,product,caso Paola Informa,1162,1000,1800,dentro_de_guia,Rango editorial orientativo; no es un umbral de ranking.
https://pixvo.tech/mx/casos-de-exito/arpitools/,mx,case_study,product,caso Arpitools,1149,1000,1800,dentro_de_guia,Rango editorial orientativo; no es un umbral de ranking.
https://pixvo.tech/mx/recursos/,mx,resource_index,research,recursos de crecimiento digital,218,,,sin_rango_editorial,Sin rango orientativo definido en el encargo.
https://pixvo.tech/mx/recursos/seo-vs-google-ads/,mx,comparison,seo,SEO vs Google Ads,1276,1200,2000,dentro_de_guia,Rango editorial orientativo; no es un umbral de ranking.
https://pixvo.tech/mx/recursos/agencia-seo-vs-consultor-seo/,mx,comparison,seo,Agencia SEO vs consultor SEO,1258,1200,2000,dentro_de_guia,Rango editorial orientativo; no es un umbral de ranking.
https://pixvo.tech/mx/recursos/seo-mensual-vs-auditoria/,mx,comparison,seo,SEO mensual vs auditoría SEO,1270,1200,2000,dentro_de_guia,Rango editorial orientativo; no es un umbral de ranking.
https://pixvo.tech/mx/recursos/n8n-vs-zapier/,mx,comparison,automation,n8n vs Zapier,1244,1200,2000,dentro_de_guia,Rango editorial orientativo; no es un umbral de ranking.
https://pixvo.tech/mx/recursos/crm-vs-automatizacion-de-leads/,mx,comparison,leads,CRM vs automatización de leads,1264,1200,2000,dentro_de_guia,Rango editorial orientativo; no es un umbral de ranking.
https://pixvo.tech/mx/recursos/rediseno-web-vs-optimizacion-cro/,mx,comparison,cro,Rediseño web vs optimización CRO,1265,1200,2000,dentro_de_guia,Rango editorial orientativo; no es un umbral de ranking.
https://pixvo.tech/mx/recursos/seo-vs-sistema-de-crecimiento/,mx,comparison,growth-system,SEO vs sistema de crecimiento digital,1275,1200,2000,dentro_de_guia,Rango editorial orientativo; no es un umbral de ranking.
https://pixvo.tech/mx/blog/,mx,blog_index,editorial,blog de Pixvo,201,,,sin_rango_editorial,Sin rango orientativo definido en el encargo.
https://pixvo.tech/mx/blog/ataque-real-en-npm-como-el-compromiso-de-axios-expuso-miles-de-entornos-sin-que-nadie-lo-notara/,mx,article,editorial:security,Ataque real en NPM: cómo el compromiso de Axios expuso miles de entornos sin que nadie lo notara,216,,,sin_rango_editorial,Sin rango orientativo definido en el encargo.
https://pixvo.tech/mx/blog/matriz-objetivo-icp-canal-lead-magnet-pagina-evento-de-conversion-metricas/,mx,article,editorial:analytics-conversion,Matriz Objetivo / ICP / Canal / Lead Magnet / Página / Evento de Conversión / Métricas,207,,,sin_rango_editorial,Sin rango orientativo definido en el encargo.
https://pixvo.tech/mx/blog/por-que-un-sitio-wordpress-no-puede-quedar-librado-a-la-suerte-y-como-evitar-dolores-de-cabeza-despues/,mx,article,editorial:wordpress,Por qué un sitio WordPress no puede quedar librado a la suerte (y cómo evitar dolores de cabeza después),208,,,sin_rango_editorial,Sin rango orientativo definido en el encargo.
https://pixvo.tech/mx/blog/como-una-buena-automatizacion-puede-cambiar-por-completo-el-flujo-de-trabajo-de-tu-empresa/,mx,article,editorial:automation,Cómo una buena automatización puede cambiar por completo el flujo de trabajo de tu empresa,188,,,sin_rango_editorial,Sin rango orientativo definido en el encargo.
https://pixvo.tech/mx/blog/por-que-geeksy-shop-es-hoy-una-de-las-mejores-fuentes-para-comprar-productos-del-fandom-y-como-aprovecharlo-desde-pixvo-tech/,mx,article,editorial:seo-content,Por qué Geeksy.shop es hoy una de las mejores fuentes para comprar productos del fandom,191,,,sin_rango_editorial,Sin rango orientativo definido en el encargo.
https://pixvo.tech/mx/blog/black-friday-y-cyber-week-el-momento-del-ano-donde-tu-negocio-no-puede-improvisar/,mx,article,editorial:conversion-campaigns,Black Friday y Cyber Week: el momento del año donde tu negocio no puede improvisar,190,,,sin_rango_editorial,Sin rango orientativo definido en el encargo.
https://pixvo.tech/mx/blog/el-mal-uso-de-la-ia-y-sus-consecuencias-reales-el-ejemplo-critico-de-los-libros-de-foraging-en-amazon/,mx,article,editorial:content-governance,El mal uso de la IA y sus consecuencias reales: el ejemplo crítico de los libros de foraging en Amazon,211,,,sin_rango_editorial,Sin rango orientativo definido en el encargo.
https://pixvo.tech/mx/blog/por-que-necesitas-un-sitio-web-profesional-en-2025-y-como-conseguir-hosting-premium-con-descuento/,mx,article,editorial:wordpress-conversion,Por qué necesitás un sitio web profesional en 2025 (y cómo conseguir hosting premium con descuento),183,,,sin_rango_editorial,Sin rango orientativo definido en el encargo.
https://pixvo.tech/mx/blog/la-importancia-de-las-decisiones-y-resoluciones-eficientes-en-la-gestion-de-pequenas-y-medianas-empresas/,mx,article,editorial:growth-operations,La importancia de las decisiones y resoluciones eficientes en la gestión de pequeñas y medianas empresas,178,,,sin_rango_editorial,Sin rango orientativo definido en el encargo.
https://pixvo.tech/mx/blog/crear-un-sitio-web-rapido-con-las-herramientas-de-ia-de-hostinger/,mx,article,editorial:website-builders,Crear un sitio web rápido con las herramientas de IA de Hostinger,188,,,sin_rango_editorial,Sin rango orientativo definido en el encargo.
https://pixvo.tech/mx/blog/la-ia-esta-matando-la-creatividad/,mx,article,editorial:content-strategy,La IA está matando la creatividad,176,,,sin_rango_editorial,Sin rango orientativo definido en el encargo.
https://pixvo.tech/mx/blog/redactar-sin-ia-reduce-productividad-evidencia-limites-y-como-implementarlo-en-marketing/,mx,article,editorial:content-automation,"Redactar sin IA reduce productividad: evidencia, límites y cómo implementarlo en marketing",189,,,sin_rango_editorial,Sin rango orientativo definido en el encargo.
https://pixvo.tech/mx/blog/caso-de-exito-microcuotas-y-como-google-ads-desarrollo-a-medida-le-cambiaron-el-juego/,mx,article,editorial:automation-leads,"Google Ads, validación y Clientify: arquitectura del funnel de Microcuotas",209,,,sin_rango_editorial,Sin rango orientativo definido en el encargo.
https://pixvo.tech/ar/,ar,home,brand,Pixvo,1128,900,1400,dentro_de_guia,Rango editorial orientativo; no es un umbral de ranking.
https://pixvo.tech/ar/sistema-crecimiento-digital/,ar,commercial_hub,growth-system,sistema de crecimiento digital para PyMEs,1358,1200,1800,dentro_de_guia,Rango editorial orientativo; no es un umbral de ranking.
https://pixvo.tech/ar/planes/,ar,pricing,conversion,precios Pixvo Growth System,1354,1200,1800,dentro_de_guia,Rango editorial orientativo; no es un umbral de ranking.
https://pixvo.tech/ar/auditoria-crecimiento-digital/,ar,audit,conversion,auditoría de crecimiento digital,1370,1200,1800,dentro_de_guia,Rango editorial orientativo; no es un umbral de ranking.
https://pixvo.tech/ar/solicitar-diagnostico/,ar,lead_form,conversion,solicitar diagnóstico Pixvo,73,,,sin_rango_editorial,Sin rango orientativo definido en el encargo.
https://pixvo.tech/ar/nosotros/,ar,about,brand,sobre Pixvo,680,600,1000,dentro_de_guia,Rango editorial orientativo; no es un umbral de ranking.
https://pixvo.tech/ar/contacto/,ar,contact,brand,contacto Pixvo,72,,,sin_rango_editorial,Sin rango orientativo definido en el encargo.
https://pixvo.tech/ar/soluciones/seo-para-pymes/,ar,solution,seo,SEO para PyMEs,1296,1200,1800,dentro_de_guia,Rango editorial orientativo; no es un umbral de ranking.
https://pixvo.tech/ar/soluciones/seo-wordpress/,ar,solution,seo,SEO para WordPress,1268,900,1500,dentro_de_guia,Rango editorial orientativo; no es un umbral de ranking.
https://pixvo.tech/ar/soluciones/contenido-seo/,ar,solution,seo,servicio de contenido SEO,1316,900,1500,dentro_de_guia,Rango editorial orientativo; no es un umbral de ranking.
https://pixvo.tech/ar/soluciones/automatizacion-de-procesos/,ar,solution,automation,automatización de procesos para PyMEs,1276,1200,1800,dentro_de_guia,Rango editorial orientativo; no es un umbral de ranking.
https://pixvo.tech/ar/soluciones/automatizacion-de-marketing/,ar,solution,automation,automatización de marketing para PyMEs,1252,900,1500,dentro_de_guia,Rango editorial orientativo; no es un umbral de ranking.
https://pixvo.tech/ar/soluciones/seguimiento-de-leads/,ar,solution,leads,automatización del seguimiento de leads,1251,1200,1800,dentro_de_guia,Rango editorial orientativo; no es un umbral de ranking.
https://pixvo.tech/ar/soluciones/analitica-digital/,ar,solution,analytics,consultoría de analítica digital,1343,900,1500,dentro_de_guia,Rango editorial orientativo; no es un umbral de ranking.
https://pixvo.tech/ar/soluciones/optimizacion-wordpress/,ar,solution,wordpress,optimización WordPress para empresas,1268,900,1500,dentro_de_guia,Rango editorial orientativo; no es un umbral de ranking.
https://pixvo.tech/ar/soluciones/optimizacion-de-conversion/,ar,solution,cro,optimización de conversión web,1258,900,1500,dentro_de_guia,Rango editorial orientativo; no es un umbral de ranking.
https://pixvo.tech/ar/problemas/leads-no-convierten/,ar,problem,leads,por qué mis leads no convierten,975,900,1400,dentro_de_guia,Rango editorial orientativo; no es un umbral de ranking.
https://pixvo.tech/ar/problemas/reducir-tareas-manuales/,ar,problem,automation,automatizar tareas repetitivas,954,900,1400,dentro_de_guia,Rango editorial orientativo; no es un umbral de ranking.
https://pixvo.tech/ar/problemas/web-no-convierte/,ar,problem,cro,mi web recibe visitas pero no vende,980,900,1400,dentro_de_guia,Rango editorial orientativo; no es un umbral de ranking.
https://pixvo.tech/ar/problemas/dependencia-publicidad-paga/,ar,problem,seo,reducir dependencia de publicidad pagada,961,900,1400,dentro_de_guia,Rango editorial orientativo; no es un umbral de ranking.
https://pixvo.tech/ar/problemas/medir-resultados-marketing/,ar,problem,analytics,medir resultados de marketing,940,900,1400,dentro_de_guia,Rango editorial orientativo; no es un umbral de ranking.
https://pixvo.tech/ar/problemas/conectar-marketing-y-ventas/,ar,problem,leads,conectar marketing y ventas,953,900,1400,dentro_de_guia,Rango editorial orientativo; no es un umbral de ranking.
https://pixvo.tech/ar/problemas/wordpress-lento/,ar,problem,wordpress,WordPress lento,971,900,1400,dentro_de_guia,Rango editorial orientativo; no es un umbral de ranking.
https://pixvo.tech/ar/problemas/contenido-no-genera-clientes/,ar,problem,seo,contenido que no genera clientes,971,900,1400,dentro_de_guia,Rango editorial orientativo; no es un umbral de ranking.
https://pixvo.tech/ar/casos-de-exito/,ar,case_index,proof,casos de éxito Pixvo,785,700,1200,dentro_de_guia,Rango editorial orientativo; no es un umbral de ranking.
https://pixvo.tech/ar/casos-de-exito/microcuotas/,ar,case_study,automation,caso de éxito de automatización de leads: Microcuotas,1281,1000,1800,dentro_de_guia,Rango editorial orientativo; no es un umbral de ranking.
https://pixvo.tech/ar/casos-de-exito/hospital-metropolitano/,ar,case_study,automation,plataforma de eventos Hospital Metropolitano,1172,1000,1800,dentro_de_guia,Rango editorial orientativo; no es un umbral de ranking.
https://pixvo.tech/ar/casos-de-exito/sanidad-web/,ar,case_study,wordpress,caso Sanidad Web,1176,1000,1800,dentro_de_guia,Rango editorial orientativo; no es un umbral de ranking.
https://pixvo.tech/ar/casos-de-exito/paola-informa/,ar,case_study,product,caso Paola Informa,1162,1000,1800,dentro_de_guia,Rango editorial orientativo; no es un umbral de ranking.
https://pixvo.tech/ar/casos-de-exito/arpitools/,ar,case_study,product,caso Arpitools,1149,1000,1800,dentro_de_guia,Rango editorial orientativo; no es un umbral de ranking.
https://pixvo.tech/ar/recursos/,ar,resource_index,research,recursos de crecimiento digital,218,,,sin_rango_editorial,Sin rango orientativo definido en el encargo.
https://pixvo.tech/ar/recursos/seo-vs-google-ads/,ar,comparison,seo,SEO vs Google Ads,1276,1200,2000,dentro_de_guia,Rango editorial orientativo; no es un umbral de ranking.
https://pixvo.tech/ar/recursos/agencia-seo-vs-consultor-seo/,ar,comparison,seo,Agencia SEO vs consultor SEO,1258,1200,2000,dentro_de_guia,Rango editorial orientativo; no es un umbral de ranking.
https://pixvo.tech/ar/recursos/seo-mensual-vs-auditoria/,ar,comparison,seo,SEO mensual vs auditoría SEO,1270,1200,2000,dentro_de_guia,Rango editorial orientativo; no es un umbral de ranking.
https://pixvo.tech/ar/recursos/n8n-vs-zapier/,ar,comparison,automation,n8n vs Zapier,1244,1200,2000,dentro_de_guia,Rango editorial orientativo; no es un umbral de ranking.
https://pixvo.tech/ar/recursos/crm-vs-automatizacion-de-leads/,ar,comparison,leads,CRM vs automatización de leads,1264,1200,2000,dentro_de_guia,Rango editorial orientativo; no es un umbral de ranking.
https://pixvo.tech/ar/recursos/rediseno-web-vs-optimizacion-cro/,ar,comparison,cro,Rediseño web vs optimización CRO,1265,1200,2000,dentro_de_guia,Rango editorial orientativo; no es un umbral de ranking.
https://pixvo.tech/ar/recursos/seo-vs-sistema-de-crecimiento/,ar,comparison,growth-system,SEO vs sistema de crecimiento digital,1275,1200,2000,dentro_de_guia,Rango editorial orientativo; no es un umbral de ranking.
https://pixvo.tech/ar/blog/,ar,blog_index,editorial,blog de Pixvo,201,,,sin_rango_editorial,Sin rango orientativo definido en el encargo.
https://pixvo.tech/ar/blog/ataque-real-en-npm-como-el-compromiso-de-axios-expuso-miles-de-entornos-sin-que-nadie-lo-notara/,ar,article,editorial:security,Ataque real en NPM: cómo el compromiso de Axios expuso miles de entornos sin que nadie lo notara,216,,,sin_rango_editorial,Sin rango orientativo definido en el encargo.
https://pixvo.tech/ar/blog/matriz-objetivo-icp-canal-lead-magnet-pagina-evento-de-conversion-metricas/,ar,article,editorial:analytics-conversion,Matriz Objetivo / ICP / Canal / Lead Magnet / Página / Evento de Conversión / Métricas,207,,,sin_rango_editorial,Sin rango orientativo definido en el encargo.
https://pixvo.tech/ar/blog/por-que-un-sitio-wordpress-no-puede-quedar-librado-a-la-suerte-y-como-evitar-dolores-de-cabeza-despues/,ar,article,editorial:wordpress,Por qué un sitio WordPress no puede quedar librado a la suerte (y cómo evitar dolores de cabeza después),208,,,sin_rango_editorial,Sin rango orientativo definido en el encargo.
https://pixvo.tech/ar/blog/como-una-buena-automatizacion-puede-cambiar-por-completo-el-flujo-de-trabajo-de-tu-empresa/,ar,article,editorial:automation,Cómo una buena automatización puede cambiar por completo el flujo de trabajo de tu empresa,188,,,sin_rango_editorial,Sin rango orientativo definido en el encargo.
https://pixvo.tech/ar/blog/por-que-geeksy-shop-es-hoy-una-de-las-mejores-fuentes-para-comprar-productos-del-fandom-y-como-aprovecharlo-desde-pixvo-tech/,ar,article,editorial:seo-content,Por qué Geeksy.shop es hoy una de las mejores fuentes para comprar productos del fandom,191,,,sin_rango_editorial,Sin rango orientativo definido en el encargo.
https://pixvo.tech/ar/blog/black-friday-y-cyber-week-el-momento-del-ano-donde-tu-negocio-no-puede-improvisar/,ar,article,editorial:conversion-campaigns,Black Friday y Cyber Week: el momento del año donde tu negocio no puede improvisar,190,,,sin_rango_editorial,Sin rango orientativo definido en el encargo.
https://pixvo.tech/ar/blog/el-mal-uso-de-la-ia-y-sus-consecuencias-reales-el-ejemplo-critico-de-los-libros-de-foraging-en-amazon/,ar,article,editorial:content-governance,El mal uso de la IA y sus consecuencias reales: el ejemplo crítico de los libros de foraging en Amazon,211,,,sin_rango_editorial,Sin rango orientativo definido en el encargo.
https://pixvo.tech/ar/blog/por-que-necesitas-un-sitio-web-profesional-en-2025-y-como-conseguir-hosting-premium-con-descuento/,ar,article,editorial:wordpress-conversion,Por qué necesitás un sitio web profesional en 2025 (y cómo conseguir hosting premium con descuento),183,,,sin_rango_editorial,Sin rango orientativo definido en el encargo.
https://pixvo.tech/ar/blog/la-importancia-de-las-decisiones-y-resoluciones-eficientes-en-la-gestion-de-pequenas-y-medianas-empresas/,ar,article,editorial:growth-operations,La importancia de las decisiones y resoluciones eficientes en la gestión de pequeñas y medianas empresas,178,,,sin_rango_editorial,Sin rango orientativo definido en el encargo.
https://pixvo.tech/ar/blog/crear-un-sitio-web-rapido-con-las-herramientas-de-ia-de-hostinger/,ar,article,editorial:website-builders,Crear un sitio web rápido con las herramientas de IA de Hostinger,188,,,sin_rango_editorial,Sin rango orientativo definido en el encargo.
https://pixvo.tech/ar/blog/la-ia-esta-matando-la-creatividad/,ar,article,editorial:content-strategy,La IA está matando la creatividad,176,,,sin_rango_editorial,Sin rango orientativo definido en el encargo.
https://pixvo.tech/ar/blog/redactar-sin-ia-reduce-productividad-evidencia-limites-y-como-implementarlo-en-marketing/,ar,article,editorial:content-automation,"Redactar sin IA reduce productividad: evidencia, límites y cómo implementarlo en marketing",189,,,sin_rango_editorial,Sin rango orientativo definido en el encargo.
https://pixvo.tech/ar/blog/caso-de-exito-microcuotas-y-como-google-ads-desarrollo-a-medida-le-cambiaron-el-juego/,ar,article,editorial:automation-leads,"Google Ads, validación y Clientify: arquitectura del funnel de Microcuotas",209,,,sin_rango_editorial,Sin rango orientativo definido en el encargo.
https://pixvo.tech/es/,es,home,brand,Pixvo,1128,900,1400,dentro_de_guia,Rango editorial orientativo; no es un umbral de ranking.
https://pixvo.tech/es/sistema-crecimiento-digital/,es,commercial_hub,growth-system,sistema de crecimiento digital para PyMEs,1358,1200,1800,dentro_de_guia,Rango editorial orientativo; no es un umbral de ranking.
https://pixvo.tech/es/planes/,es,pricing,conversion,precios Pixvo Growth System,1354,1200,1800,dentro_de_guia,Rango editorial orientativo; no es un umbral de ranking.
https://pixvo.tech/es/auditoria-crecimiento-digital/,es,audit,conversion,auditoría de crecimiento digital,1370,1200,1800,dentro_de_guia,Rango editorial orientativo; no es un umbral de ranking.
https://pixvo.tech/es/solicitar-diagnostico/,es,lead_form,conversion,solicitar diagnóstico Pixvo,73,,,sin_rango_editorial,Sin rango orientativo definido en el encargo.
https://pixvo.tech/es/nosotros/,es,about,brand,sobre Pixvo,680,600,1000,dentro_de_guia,Rango editorial orientativo; no es un umbral de ranking.
https://pixvo.tech/es/contacto/,es,contact,brand,contacto Pixvo,72,,,sin_rango_editorial,Sin rango orientativo definido en el encargo.
https://pixvo.tech/es/soluciones/seo-para-pymes/,es,solution,seo,SEO para PyMEs,1296,1200,1800,dentro_de_guia,Rango editorial orientativo; no es un umbral de ranking.
https://pixvo.tech/es/soluciones/seo-wordpress/,es,solution,seo,SEO para WordPress,1268,900,1500,dentro_de_guia,Rango editorial orientativo; no es un umbral de ranking.
https://pixvo.tech/es/soluciones/contenido-seo/,es,solution,seo,servicio de contenido SEO,1316,900,1500,dentro_de_guia,Rango editorial orientativo; no es un umbral de ranking.
https://pixvo.tech/es/soluciones/automatizacion-de-procesos/,es,solution,automation,automatización de procesos para PyMEs,1276,1200,1800,dentro_de_guia,Rango editorial orientativo; no es un umbral de ranking.
https://pixvo.tech/es/soluciones/automatizacion-de-marketing/,es,solution,automation,automatización de marketing para PyMEs,1252,900,1500,dentro_de_guia,Rango editorial orientativo; no es un umbral de ranking.
https://pixvo.tech/es/soluciones/seguimiento-de-leads/,es,solution,leads,automatización del seguimiento de leads,1251,1200,1800,dentro_de_guia,Rango editorial orientativo; no es un umbral de ranking.
https://pixvo.tech/es/soluciones/analitica-digital/,es,solution,analytics,consultoría de analítica digital,1343,900,1500,dentro_de_guia,Rango editorial orientativo; no es un umbral de ranking.
https://pixvo.tech/es/soluciones/optimizacion-wordpress/,es,solution,wordpress,optimización WordPress para empresas,1268,900,1500,dentro_de_guia,Rango editorial orientativo; no es un umbral de ranking.
https://pixvo.tech/es/soluciones/optimizacion-de-conversion/,es,solution,cro,optimización de conversión web,1258,900,1500,dentro_de_guia,Rango editorial orientativo; no es un umbral de ranking.
https://pixvo.tech/es/problemas/leads-no-convierten/,es,problem,leads,por qué mis leads no convierten,975,900,1400,dentro_de_guia,Rango editorial orientativo; no es un umbral de ranking.
https://pixvo.tech/es/problemas/reducir-tareas-manuales/,es,problem,automation,automatizar tareas repetitivas,954,900,1400,dentro_de_guia,Rango editorial orientativo; no es un umbral de ranking.
https://pixvo.tech/es/problemas/web-no-convierte/,es,problem,cro,mi web recibe visitas pero no vende,980,900,1400,dentro_de_guia,Rango editorial orientativo; no es un umbral de ranking.
https://pixvo.tech/es/problemas/dependencia-publicidad-paga/,es,problem,seo,reducir dependencia de publicidad pagada,961,900,1400,dentro_de_guia,Rango editorial orientativo; no es un umbral de ranking.
https://pixvo.tech/es/problemas/medir-resultados-marketing/,es,problem,analytics,medir resultados de marketing,940,900,1400,dentro_de_guia,Rango editorial orientativo; no es un umbral de ranking.
https://pixvo.tech/es/problemas/conectar-marketing-y-ventas/,es,problem,leads,conectar marketing y ventas,953,900,1400,dentro_de_guia,Rango editorial orientativo; no es un umbral de ranking.
https://pixvo.tech/es/problemas/wordpress-lento/,es,problem,wordpress,WordPress lento,971,900,1400,dentro_de_guia,Rango editorial orientativo; no es un umbral de ranking.
https://pixvo.tech/es/problemas/contenido-no-genera-clientes/,es,problem,seo,contenido que no genera clientes,971,900,1400,dentro_de_guia,Rango editorial orientativo; no es un umbral de ranking.
https://pixvo.tech/es/casos-de-exito/,es,case_index,proof,casos de éxito Pixvo,785,700,1200,dentro_de_guia,Rango editorial orientativo; no es un umbral de ranking.
https://pixvo.tech/es/casos-de-exito/microcuotas/,es,case_study,automation,caso de éxito de automatización de leads: Microcuotas,1281,1000,1800,dentro_de_guia,Rango editorial orientativo; no es un umbral de ranking.
https://pixvo.tech/es/casos-de-exito/hospital-metropolitano/,es,case_study,automation,plataforma de eventos Hospital Metropolitano,1172,1000,1800,dentro_de_guia,Rango editorial orientativo; no es un umbral de ranking.
https://pixvo.tech/es/casos-de-exito/sanidad-web/,es,case_study,wordpress,caso Sanidad Web,1176,1000,1800,dentro_de_guia,Rango editorial orientativo; no es un umbral de ranking.
https://pixvo.tech/es/casos-de-exito/paola-informa/,es,case_study,product,caso Paola Informa,1162,1000,1800,dentro_de_guia,Rango editorial orientativo; no es un umbral de ranking.
https://pixvo.tech/es/casos-de-exito/arpitools/,es,case_study,product,caso Arpitools,1149,1000,1800,dentro_de_guia,Rango editorial orientativo; no es un umbral de ranking.
https://pixvo.tech/es/recursos/,es,resource_index,research,recursos de crecimiento digital,218,,,sin_rango_editorial,Sin rango orientativo definido en el encargo.
https://pixvo.tech/es/recursos/seo-vs-google-ads/,es,comparison,seo,SEO vs Google Ads,1276,1200,2000,dentro_de_guia,Rango editorial orientativo; no es un umbral de ranking.
https://pixvo.tech/es/recursos/agencia-seo-vs-consultor-seo/,es,comparison,seo,Agencia SEO vs consultor SEO,1258,1200,2000,dentro_de_guia,Rango editorial orientativo; no es un umbral de ranking.
https://pixvo.tech/es/recursos/seo-mensual-vs-auditoria/,es,comparison,seo,SEO mensual vs auditoría SEO,1270,1200,2000,dentro_de_guia,Rango editorial orientativo; no es un umbral de ranking.
https://pixvo.tech/es/recursos/n8n-vs-zapier/,es,comparison,automation,n8n vs Zapier,1244,1200,2000,dentro_de_guia,Rango editorial orientativo; no es un umbral de ranking.
https://pixvo.tech/es/recursos/crm-vs-automatizacion-de-leads/,es,comparison,leads,CRM vs automatización de leads,1264,1200,2000,dentro_de_guia,Rango editorial orientativo; no es un umbral de ranking.
https://pixvo.tech/es/recursos/rediseno-web-vs-optimizacion-cro/,es,comparison,cro,Rediseño web vs optimización CRO,1265,1200,2000,dentro_de_guia,Rango editorial orientativo; no es un umbral de ranking.
https://pixvo.tech/es/recursos/seo-vs-sistema-de-crecimiento/,es,comparison,growth-system,SEO vs sistema de crecimiento digital,1275,1200,2000,dentro_de_guia,Rango editorial orientativo; no es un umbral de ranking.
https://pixvo.tech/es/blog/,es,blog_index,editorial,blog de Pixvo,201,,,sin_rango_editorial,Sin rango orientativo definido en el encargo.
https://pixvo.tech/es/blog/ataque-real-en-npm-como-el-compromiso-de-axios-expuso-miles-de-entornos-sin-que-nadie-lo-notara/,es,article,editorial:security,Ataque real en NPM: cómo el compromiso de Axios expuso miles de entornos sin que nadie lo notara,216,,,sin_rango_editorial,Sin rango orientativo definido en el encargo.
https://pixvo.tech/es/blog/matriz-objetivo-icp-canal-lead-magnet-pagina-evento-de-conversion-metricas/,es,article,editorial:analytics-conversion,Matriz Objetivo / ICP / Canal / Lead Magnet / Página / Evento de Conversión / Métricas,207,,,sin_rango_editorial,Sin rango orientativo definido en el encargo.
https://pixvo.tech/es/blog/por-que-un-sitio-wordpress-no-puede-quedar-librado-a-la-suerte-y-como-evitar-dolores-de-cabeza-despues/,es,article,editorial:wordpress,Por qué un sitio WordPress no puede quedar librado a la suerte (y cómo evitar dolores de cabeza después),208,,,sin_rango_editorial,Sin rango orientativo definido en el encargo.
https://pixvo.tech/es/blog/como-una-buena-automatizacion-puede-cambiar-por-completo-el-flujo-de-trabajo-de-tu-empresa/,es,article,editorial:automation,Cómo una buena automatización puede cambiar por completo el flujo de trabajo de tu empresa,188,,,sin_rango_editorial,Sin rango orientativo definido en el encargo.
https://pixvo.tech/es/blog/por-que-geeksy-shop-es-hoy-una-de-las-mejores-fuentes-para-comprar-productos-del-fandom-y-como-aprovecharlo-desde-pixvo-tech/,es,article,editorial:seo-content,Por qué Geeksy.shop es hoy una de las mejores fuentes para comprar productos del fandom,191,,,sin_rango_editorial,Sin rango orientativo definido en el encargo.
https://pixvo.tech/es/blog/black-friday-y-cyber-week-el-momento-del-ano-donde-tu-negocio-no-puede-improvisar/,es,article,editorial:conversion-campaigns,Black Friday y Cyber Week: el momento del año donde tu negocio no puede improvisar,190,,,sin_rango_editorial,Sin rango orientativo definido en el encargo.
https://pixvo.tech/es/blog/el-mal-uso-de-la-ia-y-sus-consecuencias-reales-el-ejemplo-critico-de-los-libros-de-foraging-en-amazon/,es,article,editorial:content-governance,El mal uso de la IA y sus consecuencias reales: el ejemplo crítico de los libros de foraging en Amazon,211,,,sin_rango_editorial,Sin rango orientativo definido en el encargo.
https://pixvo.tech/es/blog/por-que-necesitas-un-sitio-web-profesional-en-2025-y-como-conseguir-hosting-premium-con-descuento/,es,article,editorial:wordpress-conversion,Por qué necesitás un sitio web profesional en 2025 (y cómo conseguir hosting premium con descuento),183,,,sin_rango_editorial,Sin rango orientativo definido en el encargo.
https://pixvo.tech/es/blog/la-importancia-de-las-decisiones-y-resoluciones-eficientes-en-la-gestion-de-pequenas-y-medianas-empresas/,es,article,editorial:growth-operations,La importancia de las decisiones y resoluciones eficientes en la gestión de pequeñas y medianas empresas,178,,,sin_rango_editorial,Sin rango orientativo definido en el encargo.
https://pixvo.tech/es/blog/crear-un-sitio-web-rapido-con-las-herramientas-de-ia-de-hostinger/,es,article,editorial:website-builders,Crear un sitio web rápido con las herramientas de IA de Hostinger,188,,,sin_rango_editorial,Sin rango orientativo definido en el encargo.
https://pixvo.tech/es/blog/la-ia-esta-matando-la-creatividad/,es,article,editorial:content-strategy,La IA está matando la creatividad,176,,,sin_rango_editorial,Sin rango orientativo definido en el encargo.
https://pixvo.tech/es/blog/redactar-sin-ia-reduce-productividad-evidencia-limites-y-como-implementarlo-en-marketing/,es,article,editorial:content-automation,"Redactar sin IA reduce productividad: evidencia, límites y cómo implementarlo en marketing",189,,,sin_rango_editorial,Sin rango orientativo definido en el encargo.
https://pixvo.tech/es/blog/caso-de-exito-microcuotas-y-como-google-ads-desarrollo-a-medida-le-cambiaron-el-juego/,es,article,editorial:automation-leads,"Google Ads, validación y Clientify: arquitectura del funnel de Microcuotas",209,,,sin_rango_editorial,Sin rango orientativo definido en el encargo.
https://pixvo.tech/blog/,global,blog_index,editorial,blog de Pixvo internacional,198,,,sin_rango_editorial,Sin rango orientativo definido en el encargo.
https://pixvo.tech/blog/ataque-real-en-npm-como-el-compromiso-de-axios-expuso-miles-de-entornos-sin-que-nadie-lo-notara/,global,article,editorial:security,Ataque real en NPM: cómo el compromiso de Axios expuso miles de entornos sin que nadie lo notara,235,,,sin_rango_editorial,Sin rango orientativo definido en el encargo.
https://pixvo.tech/blog/matriz-objetivo-icp-canal-lead-magnet-pagina-evento-de-conversion-metricas/,global,article,editorial:analytics-conversion,Matriz Objetivo / ICP / Canal / Lead Magnet / Página / Evento de Conversión / Métricas,244,,,sin_rango_editorial,Sin rango orientativo definido en el encargo.
https://pixvo.tech/blog/por-que-un-sitio-wordpress-no-puede-quedar-librado-a-la-suerte-y-como-evitar-dolores-de-cabeza-despues/,global,article,editorial:wordpress,Por qué un sitio WordPress no puede quedar librado a la suerte (y cómo evitar dolores de cabeza después),251,,,sin_rango_editorial,Sin rango orientativo definido en el encargo.
https://pixvo.tech/blog/como-una-buena-automatizacion-puede-cambiar-por-completo-el-flujo-de-trabajo-de-tu-empresa/,global,article,editorial:automation,Cómo una buena automatización puede cambiar por completo el flujo de trabajo de tu empresa,223,,,sin_rango_editorial,Sin rango orientativo definido en el encargo.
https://pixvo.tech/blog/por-que-geeksy-shop-es-hoy-una-de-las-mejores-fuentes-para-comprar-productos-del-fandom-y-como-aprovecharlo-desde-pixvo-tech/,global,article,editorial:seo-content,Por qué Geeksy.shop es hoy una de las mejores fuentes para comprar productos del fandom,228,,,sin_rango_editorial,Sin rango orientativo definido en el encargo.
https://pixvo.tech/blog/black-friday-y-cyber-week-el-momento-del-ano-donde-tu-negocio-no-puede-improvisar/,global,article,editorial:conversion-campaigns,Black Friday y Cyber Week: el momento del año donde tu negocio no puede improvisar,223,,,sin_rango_editorial,Sin rango orientativo definido en el encargo.
https://pixvo.tech/blog/el-mal-uso-de-la-ia-y-sus-consecuencias-reales-el-ejemplo-critico-de-los-libros-de-foraging-en-amazon/,global,article,editorial:content-governance,El mal uso de la IA y sus consecuencias reales: el ejemplo crítico de los libros de foraging en Amazon,236,,,sin_rango_editorial,Sin rango orientativo definido en el encargo.
https://pixvo.tech/blog/por-que-necesitas-un-sitio-web-profesional-en-2025-y-como-conseguir-hosting-premium-con-descuento/,global,article,editorial:wordpress-conversion,Por qué necesitás un sitio web profesional en 2025 (y cómo conseguir hosting premium con descuento),224,,,sin_rango_editorial,Sin rango orientativo definido en el encargo.
https://pixvo.tech/blog/la-importancia-de-las-decisiones-y-resoluciones-eficientes-en-la-gestion-de-pequenas-y-medianas-empresas/,global,article,editorial:growth-operations,La importancia de las decisiones y resoluciones eficientes en la gestión de pequeñas y medianas empresas,211,,,sin_rango_editorial,Sin rango orientativo definido en el encargo.
https://pixvo.tech/blog/crear-un-sitio-web-rapido-con-las-herramientas-de-ia-de-hostinger/,global,article,editorial:website-builders,Crear un sitio web rápido con las herramientas de IA de Hostinger,231,,,sin_rango_editorial,Sin rango orientativo definido en el encargo.
https://pixvo.tech/blog/la-ia-esta-matando-la-creatividad/,global,article,editorial:content-strategy,La IA está matando la creatividad,201,,,sin_rango_editorial,Sin rango orientativo definido en el encargo.
https://pixvo.tech/blog/redactar-sin-ia-reduce-productividad-evidencia-limites-y-como-implementarlo-en-marketing/,global,article,editorial:content-automation,"Redactar sin IA reduce productividad: evidencia, límites y cómo implementarlo en marketing",230,,,sin_rango_editorial,Sin rango orientativo definido en el encargo.
https://pixvo.tech/blog/caso-de-exito-microcuotas-y-como-google-ads-desarrollo-a-medida-le-cambiaron-el-juego/,global,article,editorial:automation-leads,"Google Ads, validación y Clientify: arquitectura del funnel de Microcuotas",262,,,sin_rango_editorial,Sin rango orientativo definido en el encargo.
https://pixvo.tech/proyectos/shortcodes-en-pestanas/,global,project,wordpress,shortcodes en pestañas para WordPress,111,,,sin_rango_editorial,Sin rango orientativo definido en el encargo.
https://pixvo.tech/,global,market_selector,brand,Pixvo mercados,22,,,sin_rango_editorial,Sin rango orientativo definido en el encargo.
