source_url,destination_url,relationship,cluster,funnel_role,placement,status
/{pais}/,/{pais}/sistema-crecimiento-digital/,parent-to-hub,growth-system,BOFU,hero,published
/{pais}/,/{pais}/planes/,home-to-pricing,conversion,BOFU,content,published
/{pais}/,/{pais}/solicitar-diagnostico/,home-to-conversion,conversion,BOFU,cta,published
/{pais}/sistema-crecimiento-digital/,/{pais}/soluciones/seo-para-pymes/,hub-to-solution,seo,BOFU,solution-grid,published
/{pais}/sistema-crecimiento-digital/,/{pais}/soluciones/seo-wordpress/,hub-to-solution,seo,BOFU,solution-grid,published
/{pais}/sistema-crecimiento-digital/,/{pais}/soluciones/contenido-seo/,hub-to-solution,seo,BOFU,solution-grid,published
/{pais}/sistema-crecimiento-digital/,/{pais}/soluciones/automatizacion-de-procesos/,hub-to-solution,automation,BOFU,solution-grid,published
/{pais}/sistema-crecimiento-digital/,/{pais}/soluciones/automatizacion-de-marketing/,hub-to-solution,automation,BOFU,solution-grid,published
/{pais}/sistema-crecimiento-digital/,/{pais}/soluciones/seguimiento-de-leads/,hub-to-solution,leads,BOFU,solution-grid,published
/{pais}/sistema-crecimiento-digital/,/{pais}/soluciones/analitica-digital/,hub-to-solution,analytics,BOFU,solution-grid,published
/{pais}/sistema-crecimiento-digital/,/{pais}/soluciones/optimizacion-wordpress/,hub-to-solution,wordpress,BOFU,solution-grid,published
/{pais}/sistema-crecimiento-digital/,/{pais}/soluciones/optimizacion-de-conversion/,hub-to-solution,cro,BOFU,solution-grid,published
/{pais}/sistema-crecimiento-digital/,/{pais}/auditoria-crecimiento-digital/,hub-to-conversion,conversion,BOFU,content,published
/{pais}/sistema-crecimiento-digital/,/{pais}/planes/,hub-to-conversion,conversion,BOFU,content,published
/{pais}/sistema-crecimiento-digital/,/{pais}/solicitar-diagnostico/,hub-to-conversion,conversion,BOFU,cta,published
/{pais}/soluciones/seo-para-pymes/,/{pais}/sistema-crecimiento-digital/,solution-to-parent,growth-system,BOFU,hero,published
/{pais}/soluciones/seo-para-pymes/,/{pais}/auditoria-crecimiento-digital/,solution-to-audit,conversion,BOFU,scope,published
/{pais}/soluciones/seo-para-pymes/,/{pais}/planes/,solution-to-pricing,conversion,BOFU,scope,published
/{pais}/soluciones/seo-para-pymes/,/{pais}/solicitar-diagnostico/,solution-to-diagnosis,conversion,BOFU,cta,published
/{pais}/soluciones/seo-para-pymes/,/{pais}/soluciones/contenido-seo/,related-solution,seo,BOFU,related-solutions,published
/{pais}/soluciones/seo-para-pymes/,/{pais}/soluciones/seo-wordpress/,related-solution,seo,BOFU,related-solutions,published
/{pais}/soluciones/seo-para-pymes/,/{pais}/soluciones/analitica-digital/,related-solution,analytics,BOFU,related-solutions,published
/{pais}/soluciones/seo-para-pymes/,/{pais}/problemas/dependencia-publicidad-paga/,solution-to-problem,problem,MOFU,problem-context,published
/{pais}/soluciones/seo-para-pymes/,/{pais}/problemas/contenido-no-genera-clientes/,solution-to-problem,problem,MOFU,problem-context,published
/{pais}/soluciones/seo-para-pymes/,/{pais}/recursos/seo-vs-google-ads/,solution-to-resource,research,MOFU,decision-support,published
/{pais}/soluciones/seo-para-pymes/,/{pais}/recursos/agencia-seo-vs-consultor-seo/,solution-to-resource,research,MOFU,decision-support,published
/{pais}/soluciones/seo-wordpress/,/{pais}/sistema-crecimiento-digital/,solution-to-parent,growth-system,BOFU,hero,published
/{pais}/soluciones/seo-wordpress/,/{pais}/auditoria-crecimiento-digital/,solution-to-audit,conversion,BOFU,scope,published
/{pais}/soluciones/seo-wordpress/,/{pais}/planes/,solution-to-pricing,conversion,BOFU,scope,published
/{pais}/soluciones/seo-wordpress/,/{pais}/solicitar-diagnostico/,solution-to-diagnosis,conversion,BOFU,cta,published
/{pais}/soluciones/seo-wordpress/,/{pais}/soluciones/seo-para-pymes/,related-solution,seo,BOFU,related-solutions,published
/{pais}/soluciones/seo-wordpress/,/{pais}/soluciones/contenido-seo/,related-solution,seo,BOFU,related-solutions,published
/{pais}/soluciones/seo-wordpress/,/{pais}/soluciones/optimizacion-wordpress/,related-solution,wordpress,BOFU,related-solutions,published
/{pais}/soluciones/seo-wordpress/,/{pais}/problemas/wordpress-lento/,solution-to-problem,problem,MOFU,problem-context,published
/{pais}/soluciones/seo-wordpress/,/{pais}/recursos/seo-mensual-vs-auditoria/,solution-to-resource,research,MOFU,decision-support,published
/{pais}/soluciones/seo-wordpress/,/{pais}/recursos/seo-vs-sistema-de-crecimiento/,solution-to-resource,research,MOFU,decision-support,published
/{pais}/soluciones/seo-wordpress/,/{pais}/casos-de-exito/sanidad-web/,solution-to-case,proof,MOFU,evidence,published
/{pais}/soluciones/contenido-seo/,/{pais}/sistema-crecimiento-digital/,solution-to-parent,growth-system,BOFU,hero,published
/{pais}/soluciones/contenido-seo/,/{pais}/auditoria-crecimiento-digital/,solution-to-audit,conversion,BOFU,scope,published
/{pais}/soluciones/contenido-seo/,/{pais}/planes/,solution-to-pricing,conversion,BOFU,scope,published
/{pais}/soluciones/contenido-seo/,/{pais}/solicitar-diagnostico/,solution-to-diagnosis,conversion,BOFU,cta,published
/{pais}/soluciones/contenido-seo/,/{pais}/soluciones/seo-para-pymes/,related-solution,seo,BOFU,related-solutions,published
/{pais}/soluciones/contenido-seo/,/{pais}/soluciones/optimizacion-de-conversion/,related-solution,cro,BOFU,related-solutions,published
/{pais}/soluciones/contenido-seo/,/{pais}/soluciones/analitica-digital/,related-solution,analytics,BOFU,related-solutions,published
/{pais}/soluciones/contenido-seo/,/{pais}/problemas/dependencia-publicidad-paga/,solution-to-problem,problem,MOFU,problem-context,published
/{pais}/soluciones/contenido-seo/,/{pais}/problemas/contenido-no-genera-clientes/,solution-to-problem,problem,MOFU,problem-context,published
/{pais}/soluciones/contenido-seo/,/{pais}/recursos/seo-vs-sistema-de-crecimiento/,solution-to-resource,research,MOFU,decision-support,published
/{pais}/soluciones/contenido-seo/,/{pais}/recursos/seo-mensual-vs-auditoria/,solution-to-resource,research,MOFU,decision-support,published
/{pais}/soluciones/contenido-seo/,/{pais}/casos-de-exito/sanidad-web/,solution-to-case,proof,MOFU,evidence,published
/{pais}/soluciones/automatizacion-de-procesos/,/{pais}/sistema-crecimiento-digital/,solution-to-parent,growth-system,BOFU,hero,published
/{pais}/soluciones/automatizacion-de-procesos/,/{pais}/auditoria-crecimiento-digital/,solution-to-audit,conversion,BOFU,scope,published
/{pais}/soluciones/automatizacion-de-procesos/,/{pais}/planes/,solution-to-pricing,conversion,BOFU,scope,published
/{pais}/soluciones/automatizacion-de-procesos/,/{pais}/solicitar-diagnostico/,solution-to-diagnosis,conversion,BOFU,cta,published
/{pais}/soluciones/automatizacion-de-procesos/,/{pais}/soluciones/seguimiento-de-leads/,related-solution,leads,BOFU,related-solutions,published
/{pais}/soluciones/automatizacion-de-procesos/,/{pais}/soluciones/analitica-digital/,related-solution,analytics,BOFU,related-solutions,published
/{pais}/soluciones/automatizacion-de-procesos/,/{pais}/soluciones/automatizacion-de-marketing/,related-solution,automation,BOFU,related-solutions,published
/{pais}/soluciones/automatizacion-de-procesos/,/{pais}/problemas/reducir-tareas-manuales/,solution-to-problem,problem,MOFU,problem-context,published
/{pais}/soluciones/automatizacion-de-procesos/,/{pais}/recursos/n8n-vs-zapier/,solution-to-resource,research,MOFU,decision-support,published
/{pais}/soluciones/automatizacion-de-procesos/,/{pais}/recursos/crm-vs-automatizacion-de-leads/,solution-to-resource,research,MOFU,decision-support,published
/{pais}/soluciones/automatizacion-de-procesos/,/{pais}/casos-de-exito/microcuotas/,solution-to-case,proof,MOFU,evidence,published
/{pais}/soluciones/automatizacion-de-procesos/,/{pais}/casos-de-exito/hospital-metropolitano/,solution-to-case,proof,MOFU,evidence,published
/{pais}/soluciones/automatizacion-de-marketing/,/{pais}/sistema-crecimiento-digital/,solution-to-parent,growth-system,BOFU,hero,published
/{pais}/soluciones/automatizacion-de-marketing/,/{pais}/auditoria-crecimiento-digital/,solution-to-audit,conversion,BOFU,scope,published
/{pais}/soluciones/automatizacion-de-marketing/,/{pais}/planes/,solution-to-pricing,conversion,BOFU,scope,published
/{pais}/soluciones/automatizacion-de-marketing/,/{pais}/solicitar-diagnostico/,solution-to-diagnosis,conversion,BOFU,cta,published
/{pais}/soluciones/automatizacion-de-marketing/,/{pais}/soluciones/seguimiento-de-leads/,related-solution,leads,BOFU,related-solutions,published
/{pais}/soluciones/automatizacion-de-marketing/,/{pais}/soluciones/contenido-seo/,related-solution,seo,BOFU,related-solutions,published
/{pais}/soluciones/automatizacion-de-marketing/,/{pais}/soluciones/analitica-digital/,related-solution,analytics,BOFU,related-solutions,published
/{pais}/soluciones/automatizacion-de-marketing/,/{pais}/problemas/conectar-marketing-y-ventas/,solution-to-problem,problem,MOFU,problem-context,published
/{pais}/soluciones/automatizacion-de-marketing/,/{pais}/recursos/crm-vs-automatizacion-de-leads/,solution-to-resource,research,MOFU,decision-support,published
/{pais}/soluciones/automatizacion-de-marketing/,/{pais}/recursos/n8n-vs-zapier/,solution-to-resource,research,MOFU,decision-support,published
/{pais}/soluciones/seguimiento-de-leads/,/{pais}/sistema-crecimiento-digital/,solution-to-parent,growth-system,BOFU,hero,published
/{pais}/soluciones/seguimiento-de-leads/,/{pais}/auditoria-crecimiento-digital/,solution-to-audit,conversion,BOFU,scope,published
/{pais}/soluciones/seguimiento-de-leads/,/{pais}/planes/,solution-to-pricing,conversion,BOFU,scope,published
/{pais}/soluciones/seguimiento-de-leads/,/{pais}/solicitar-diagnostico/,solution-to-diagnosis,conversion,BOFU,cta,published
/{pais}/soluciones/seguimiento-de-leads/,/{pais}/soluciones/automatizacion-de-procesos/,related-solution,automation,BOFU,related-solutions,published
/{pais}/soluciones/seguimiento-de-leads/,/{pais}/soluciones/analitica-digital/,related-solution,analytics,BOFU,related-solutions,published
/{pais}/soluciones/seguimiento-de-leads/,/{pais}/soluciones/optimizacion-de-conversion/,related-solution,cro,BOFU,related-solutions,published
/{pais}/soluciones/seguimiento-de-leads/,/{pais}/problemas/leads-no-convierten/,solution-to-problem,problem,MOFU,problem-context,published
/{pais}/soluciones/seguimiento-de-leads/,/{pais}/problemas/reducir-tareas-manuales/,solution-to-problem,problem,MOFU,problem-context,published
/{pais}/soluciones/seguimiento-de-leads/,/{pais}/recursos/crm-vs-automatizacion-de-leads/,solution-to-resource,research,MOFU,decision-support,published
/{pais}/soluciones/seguimiento-de-leads/,/{pais}/recursos/n8n-vs-zapier/,solution-to-resource,research,MOFU,decision-support,published
/{pais}/soluciones/seguimiento-de-leads/,/{pais}/casos-de-exito/microcuotas/,solution-to-case,proof,MOFU,evidence,published
/{pais}/soluciones/analitica-digital/,/{pais}/sistema-crecimiento-digital/,solution-to-parent,growth-system,BOFU,hero,published
/{pais}/soluciones/analitica-digital/,/{pais}/auditoria-crecimiento-digital/,solution-to-audit,conversion,BOFU,scope,published
/{pais}/soluciones/analitica-digital/,/{pais}/planes/,solution-to-pricing,conversion,BOFU,scope,published
/{pais}/soluciones/analitica-digital/,/{pais}/solicitar-diagnostico/,solution-to-diagnosis,conversion,BOFU,cta,published
/{pais}/soluciones/analitica-digital/,/{pais}/soluciones/seguimiento-de-leads/,related-solution,leads,BOFU,related-solutions,published
/{pais}/soluciones/analitica-digital/,/{pais}/soluciones/seo-para-pymes/,related-solution,seo,BOFU,related-solutions,published
/{pais}/soluciones/analitica-digital/,/{pais}/soluciones/optimizacion-de-conversion/,related-solution,cro,BOFU,related-solutions,published
/{pais}/soluciones/analitica-digital/,/{pais}/problemas/leads-no-convierten/,solution-to-problem,problem,MOFU,problem-context,published
/{pais}/soluciones/analitica-digital/,/{pais}/problemas/medir-resultados-marketing/,solution-to-problem,problem,MOFU,problem-context,published
/{pais}/soluciones/analitica-digital/,/{pais}/recursos/seo-vs-google-ads/,solution-to-resource,research,MOFU,decision-support,published
/{pais}/soluciones/analitica-digital/,/{pais}/recursos/n8n-vs-zapier/,solution-to-resource,research,MOFU,decision-support,published
/{pais}/soluciones/analitica-digital/,/{pais}/casos-de-exito/microcuotas/,solution-to-case,proof,MOFU,evidence,published
/{pais}/soluciones/analitica-digital/,/{pais}/casos-de-exito/hospital-metropolitano/,solution-to-case,proof,MOFU,evidence,published
/{pais}/soluciones/optimizacion-wordpress/,/{pais}/sistema-crecimiento-digital/,solution-to-parent,growth-system,BOFU,hero,published
/{pais}/soluciones/optimizacion-wordpress/,/{pais}/auditoria-crecimiento-digital/,solution-to-audit,conversion,BOFU,scope,published
/{pais}/soluciones/optimizacion-wordpress/,/{pais}/planes/,solution-to-pricing,conversion,BOFU,scope,published
/{pais}/soluciones/optimizacion-wordpress/,/{pais}/solicitar-diagnostico/,solution-to-diagnosis,conversion,BOFU,cta,published
/{pais}/soluciones/optimizacion-wordpress/,/{pais}/soluciones/optimizacion-de-conversion/,related-solution,cro,BOFU,related-solutions,published
/{pais}/soluciones/optimizacion-wordpress/,/{pais}/soluciones/seo-wordpress/,related-solution,seo,BOFU,related-solutions,published
/{pais}/soluciones/optimizacion-wordpress/,/{pais}/soluciones/analitica-digital/,related-solution,analytics,BOFU,related-solutions,published
/{pais}/soluciones/optimizacion-wordpress/,/{pais}/problemas/web-no-convierte/,solution-to-problem,problem,MOFU,problem-context,published
/{pais}/soluciones/optimizacion-wordpress/,/{pais}/problemas/wordpress-lento/,solution-to-problem,problem,MOFU,problem-context,published
/{pais}/soluciones/optimizacion-wordpress/,/{pais}/recursos/rediseno-web-vs-optimizacion-cro/,solution-to-resource,research,MOFU,decision-support,published
/{pais}/soluciones/optimizacion-wordpress/,/{pais}/recursos/seo-mensual-vs-auditoria/,solution-to-resource,research,MOFU,decision-support,published
/{pais}/soluciones/optimizacion-wordpress/,/{pais}/casos-de-exito/sanidad-web/,solution-to-case,proof,MOFU,evidence,published
/{pais}/soluciones/optimizacion-de-conversion/,/{pais}/sistema-crecimiento-digital/,solution-to-parent,growth-system,BOFU,hero,published
/{pais}/soluciones/optimizacion-de-conversion/,/{pais}/auditoria-crecimiento-digital/,solution-to-audit,conversion,BOFU,scope,published
/{pais}/soluciones/optimizacion-de-conversion/,/{pais}/planes/,solution-to-pricing,conversion,BOFU,scope,published
/{pais}/soluciones/optimizacion-de-conversion/,/{pais}/solicitar-diagnostico/,solution-to-diagnosis,conversion,BOFU,cta,published
/{pais}/soluciones/optimizacion-de-conversion/,/{pais}/soluciones/analitica-digital/,related-solution,analytics,BOFU,related-solutions,published
/{pais}/soluciones/optimizacion-de-conversion/,/{pais}/soluciones/optimizacion-wordpress/,related-solution,wordpress,BOFU,related-solutions,published
/{pais}/soluciones/optimizacion-de-conversion/,/{pais}/soluciones/contenido-seo/,related-solution,seo,BOFU,related-solutions,published
/{pais}/soluciones/optimizacion-de-conversion/,/{pais}/problemas/web-no-convierte/,solution-to-problem,problem,MOFU,problem-context,published
/{pais}/soluciones/optimizacion-de-conversion/,/{pais}/recursos/rediseno-web-vs-optimizacion-cro/,solution-to-resource,research,MOFU,decision-support,published
/{pais}/problemas/leads-no-convierten/,/{pais}/soluciones/seguimiento-de-leads/,problem-to-primary-solution,solution,MOFU-to-BOFU,solution,published
/{pais}/problemas/leads-no-convierten/,/{pais}/soluciones/analitica-digital/,problem-to-secondary-solution,solution,MOFU-to-BOFU,solution,published
/{pais}/problemas/leads-no-convierten/,/{pais}/auditoria-crecimiento-digital/,problem-to-next-step,conversion,BOFU,diagnosis,published
/{pais}/problemas/leads-no-convierten/,/{pais}/solicitar-diagnostico/,problem-to-diagnosis,conversion,BOFU,cta,published
/{pais}/problemas/reducir-tareas-manuales/,/{pais}/soluciones/automatizacion-de-procesos/,problem-to-primary-solution,solution,MOFU-to-BOFU,solution,published
/{pais}/problemas/reducir-tareas-manuales/,/{pais}/soluciones/seguimiento-de-leads/,problem-to-secondary-solution,solution,MOFU-to-BOFU,solution,published
/{pais}/problemas/reducir-tareas-manuales/,/{pais}/auditoria-crecimiento-digital/,problem-to-audit,conversion,BOFU,diagnosis,published
/{pais}/problemas/reducir-tareas-manuales/,/{pais}/solicitar-diagnostico/,problem-to-diagnosis,conversion,BOFU,cta,published
/{pais}/problemas/web-no-convierte/,/{pais}/soluciones/optimizacion-de-conversion/,problem-to-primary-solution,solution,MOFU-to-BOFU,solution,published
/{pais}/problemas/web-no-convierte/,/{pais}/soluciones/optimizacion-wordpress/,problem-to-secondary-solution,solution,MOFU-to-BOFU,solution,published
/{pais}/problemas/web-no-convierte/,/{pais}/auditoria-crecimiento-digital/,problem-to-next-step,conversion,BOFU,diagnosis,published
/{pais}/problemas/web-no-convierte/,/{pais}/solicitar-diagnostico/,problem-to-diagnosis,conversion,BOFU,cta,published
/{pais}/problemas/dependencia-publicidad-paga/,/{pais}/soluciones/seo-para-pymes/,problem-to-primary-solution,solution,MOFU-to-BOFU,solution,published
/{pais}/problemas/dependencia-publicidad-paga/,/{pais}/soluciones/contenido-seo/,problem-to-secondary-solution,solution,MOFU-to-BOFU,solution,published
/{pais}/problemas/dependencia-publicidad-paga/,/{pais}/auditoria-crecimiento-digital/,problem-to-next-step,conversion,BOFU,diagnosis,published
/{pais}/problemas/dependencia-publicidad-paga/,/{pais}/solicitar-diagnostico/,problem-to-diagnosis,conversion,BOFU,cta,published
/{pais}/problemas/medir-resultados-marketing/,/{pais}/soluciones/analitica-digital/,problem-to-primary-solution,solution,MOFU-to-BOFU,solution,published
/{pais}/problemas/medir-resultados-marketing/,/{pais}/soluciones/seguimiento-de-leads/,problem-to-secondary-solution,solution,MOFU-to-BOFU,solution,published
/{pais}/problemas/medir-resultados-marketing/,/{pais}/auditoria-crecimiento-digital/,problem-to-next-step,conversion,BOFU,diagnosis,published
/{pais}/problemas/medir-resultados-marketing/,/{pais}/solicitar-diagnostico/,problem-to-diagnosis,conversion,BOFU,cta,published
/{pais}/problemas/conectar-marketing-y-ventas/,/{pais}/soluciones/seguimiento-de-leads/,problem-to-primary-solution,solution,MOFU-to-BOFU,solution,published
/{pais}/problemas/conectar-marketing-y-ventas/,/{pais}/soluciones/automatizacion-de-marketing/,problem-to-secondary-solution,solution,MOFU-to-BOFU,solution,published
/{pais}/problemas/conectar-marketing-y-ventas/,/{pais}/auditoria-crecimiento-digital/,problem-to-audit,conversion,BOFU,diagnosis,published
/{pais}/problemas/conectar-marketing-y-ventas/,/{pais}/solicitar-diagnostico/,problem-to-diagnosis,conversion,BOFU,cta,published
/{pais}/problemas/wordpress-lento/,/{pais}/soluciones/optimizacion-wordpress/,problem-to-primary-solution,solution,MOFU-to-BOFU,solution,published
/{pais}/problemas/wordpress-lento/,/{pais}/soluciones/seo-wordpress/,problem-to-secondary-solution,solution,MOFU-to-BOFU,solution,published
/{pais}/problemas/wordpress-lento/,/{pais}/auditoria-crecimiento-digital/,problem-to-next-step,conversion,BOFU,diagnosis,published
/{pais}/problemas/wordpress-lento/,/{pais}/solicitar-diagnostico/,problem-to-diagnosis,conversion,BOFU,cta,published
/{pais}/problemas/contenido-no-genera-clientes/,/{pais}/soluciones/contenido-seo/,problem-to-primary-solution,solution,MOFU-to-BOFU,solution,published
/{pais}/problemas/contenido-no-genera-clientes/,/{pais}/soluciones/seo-para-pymes/,problem-to-secondary-solution,solution,MOFU-to-BOFU,solution,published
/{pais}/problemas/contenido-no-genera-clientes/,/{pais}/auditoria-crecimiento-digital/,problem-to-audit,conversion,BOFU,diagnosis,published
/{pais}/problemas/contenido-no-genera-clientes/,/{pais}/solicitar-diagnostico/,problem-to-diagnosis,conversion,BOFU,cta,published
/{pais}/recursos/seo-vs-google-ads/,/{pais}/recursos/,resource-to-parent,research,MOFU,hero,published
/{pais}/recursos/seo-vs-google-ads/,/{pais}/soluciones/seo-para-pymes/,resource-to-primary-solution,solution,MOFU-to-BOFU,commercial-recommendation,published
/{pais}/recursos/seo-vs-google-ads/,/{pais}/soluciones/analitica-digital/,resource-to-secondary-solution,solution,MOFU-to-BOFU,commercial-recommendation,published
/{pais}/recursos/seo-vs-google-ads/,/{pais}/auditoria-crecimiento-digital/,resource-to-next-step,conversion,BOFU,next-step,published
/{pais}/recursos/seo-vs-google-ads/,/{pais}/planes/,resource-to-pricing,conversion,BOFU,next-step,published
/{pais}/recursos/seo-vs-google-ads/,/{pais}/solicitar-diagnostico/,resource-to-diagnosis,conversion,BOFU,cta,published
/{pais}/recursos/agencia-seo-vs-consultor-seo/,/{pais}/recursos/,resource-to-parent,research,MOFU,hero,published
/{pais}/recursos/agencia-seo-vs-consultor-seo/,/{pais}/soluciones/seo-para-pymes/,resource-to-primary-solution,solution,MOFU-to-BOFU,commercial-recommendation,published
/{pais}/recursos/agencia-seo-vs-consultor-seo/,/{pais}/sistema-crecimiento-digital/,resource-to-secondary-solution,solution,MOFU-to-BOFU,commercial-recommendation,published
/{pais}/recursos/agencia-seo-vs-consultor-seo/,/{pais}/auditoria-crecimiento-digital/,resource-to-next-step,conversion,BOFU,next-step,published
/{pais}/recursos/agencia-seo-vs-consultor-seo/,/{pais}/planes/,resource-to-pricing,conversion,BOFU,next-step,published
/{pais}/recursos/agencia-seo-vs-consultor-seo/,/{pais}/solicitar-diagnostico/,resource-to-diagnosis,conversion,BOFU,cta,published
/{pais}/recursos/seo-mensual-vs-auditoria/,/{pais}/recursos/,resource-to-parent,research,MOFU,hero,published
/{pais}/recursos/seo-mensual-vs-auditoria/,/{pais}/soluciones/seo-para-pymes/,resource-to-primary-solution,solution,MOFU-to-BOFU,commercial-recommendation,published
/{pais}/recursos/seo-mensual-vs-auditoria/,/{pais}/auditoria-crecimiento-digital/,resource-to-secondary-solution,solution,MOFU-to-BOFU,commercial-recommendation,published
/{pais}/recursos/seo-mensual-vs-auditoria/,/{pais}/planes/,resource-to-pricing,conversion,BOFU,next-step,published
/{pais}/recursos/seo-mensual-vs-auditoria/,/{pais}/solicitar-diagnostico/,resource-to-diagnosis,conversion,BOFU,cta,published
/{pais}/recursos/n8n-vs-zapier/,/{pais}/recursos/,resource-to-parent,research,MOFU,hero,published
/{pais}/recursos/n8n-vs-zapier/,/{pais}/soluciones/automatizacion-de-procesos/,resource-to-primary-solution,solution,MOFU-to-BOFU,commercial-recommendation,published
/{pais}/recursos/n8n-vs-zapier/,/{pais}/soluciones/analitica-digital/,resource-to-secondary-solution,solution,MOFU-to-BOFU,commercial-recommendation,published
/{pais}/recursos/n8n-vs-zapier/,/{pais}/auditoria-crecimiento-digital/,resource-to-next-step,conversion,BOFU,next-step,published
/{pais}/recursos/n8n-vs-zapier/,/{pais}/planes/,resource-to-pricing,conversion,BOFU,next-step,published
/{pais}/recursos/n8n-vs-zapier/,/{pais}/solicitar-diagnostico/,resource-to-diagnosis,conversion,BOFU,cta,published
/{pais}/recursos/crm-vs-automatizacion-de-leads/,/{pais}/recursos/,resource-to-parent,research,MOFU,hero,published
/{pais}/recursos/crm-vs-automatizacion-de-leads/,/{pais}/soluciones/seguimiento-de-leads/,resource-to-primary-solution,solution,MOFU-to-BOFU,commercial-recommendation,published
/{pais}/recursos/crm-vs-automatizacion-de-leads/,/{pais}/soluciones/automatizacion-de-procesos/,resource-to-secondary-solution,solution,MOFU-to-BOFU,commercial-recommendation,published
/{pais}/recursos/crm-vs-automatizacion-de-leads/,/{pais}/solicitar-diagnostico/,resource-to-diagnosis,conversion,BOFU,cta,published
/{pais}/recursos/crm-vs-automatizacion-de-leads/,/{pais}/planes/,resource-to-pricing,conversion,BOFU,next-step,published
/{pais}/recursos/rediseno-web-vs-optimizacion-cro/,/{pais}/recursos/,resource-to-parent,research,MOFU,hero,published
/{pais}/recursos/rediseno-web-vs-optimizacion-cro/,/{pais}/soluciones/optimizacion-de-conversion/,resource-to-primary-solution,solution,MOFU-to-BOFU,commercial-recommendation,published
/{pais}/recursos/rediseno-web-vs-optimizacion-cro/,/{pais}/soluciones/analitica-digital/,resource-to-secondary-solution,solution,MOFU-to-BOFU,commercial-recommendation,published
/{pais}/recursos/rediseno-web-vs-optimizacion-cro/,/{pais}/auditoria-crecimiento-digital/,resource-to-next-step,conversion,BOFU,next-step,published
/{pais}/recursos/rediseno-web-vs-optimizacion-cro/,/{pais}/planes/,resource-to-pricing,conversion,BOFU,next-step,published
/{pais}/recursos/rediseno-web-vs-optimizacion-cro/,/{pais}/solicitar-diagnostico/,resource-to-diagnosis,conversion,BOFU,cta,published
/{pais}/recursos/seo-vs-sistema-de-crecimiento/,/{pais}/recursos/,resource-to-parent,research,MOFU,hero,published
/{pais}/recursos/seo-vs-sistema-de-crecimiento/,/{pais}/soluciones/seo-para-pymes/,resource-to-primary-solution,solution,MOFU-to-BOFU,commercial-recommendation,published
/{pais}/recursos/seo-vs-sistema-de-crecimiento/,/{pais}/sistema-crecimiento-digital/,resource-to-secondary-solution,solution,MOFU-to-BOFU,commercial-recommendation,published
/{pais}/recursos/seo-vs-sistema-de-crecimiento/,/{pais}/auditoria-crecimiento-digital/,resource-to-next-step,conversion,BOFU,next-step,published
/{pais}/recursos/seo-vs-sistema-de-crecimiento/,/{pais}/planes/,resource-to-pricing,conversion,BOFU,next-step,published
/{pais}/recursos/seo-vs-sistema-de-crecimiento/,/{pais}/solicitar-diagnostico/,resource-to-diagnosis,conversion,BOFU,cta,published
/{pais}/casos-de-exito/microcuotas/,/{pais}/soluciones/automatizacion-de-procesos/,case-to-solution,solution,MOFU-to-BOFU,related-capabilities,published
/{pais}/casos-de-exito/microcuotas/,/{pais}/soluciones/seguimiento-de-leads/,case-to-solution,solution,MOFU-to-BOFU,related-capabilities,published
/{pais}/casos-de-exito/microcuotas/,/{pais}/soluciones/analitica-digital/,case-to-solution,solution,MOFU-to-BOFU,related-capabilities,published
/{pais}/casos-de-exito/microcuotas/,/{pais}/auditoria-crecimiento-digital/,case-to-commercial-step,conversion,BOFU,related-capabilities,published
/{pais}/casos-de-exito/microcuotas/,/{pais}/casos-de-exito/sanidad-web/,related-case,proof,MOFU,related-cases,published
/{pais}/casos-de-exito/microcuotas/,/{pais}/casos-de-exito/paola-informa/,related-case,proof,MOFU,related-cases,published
/{pais}/casos-de-exito/microcuotas/,/{pais}/solicitar-diagnostico/,case-to-diagnosis,conversion,BOFU,cta,published
/{pais}/casos-de-exito/hospital-metropolitano/,/{pais}/soluciones/automatizacion-de-procesos/,case-to-solution,solution,MOFU-to-BOFU,related-capabilities,published
/{pais}/casos-de-exito/hospital-metropolitano/,/{pais}/soluciones/analitica-digital/,case-to-solution,solution,MOFU-to-BOFU,related-capabilities,published
/{pais}/casos-de-exito/hospital-metropolitano/,/{pais}/casos-de-exito/paola-informa/,related-case,proof,MOFU,related-cases,published
/{pais}/casos-de-exito/hospital-metropolitano/,/{pais}/casos-de-exito/arpitools/,related-case,proof,MOFU,related-cases,published
/{pais}/casos-de-exito/hospital-metropolitano/,/{pais}/solicitar-diagnostico/,case-to-diagnosis,conversion,BOFU,cta,published
/{pais}/casos-de-exito/sanidad-web/,/{pais}/soluciones/seo-wordpress/,case-to-solution,solution,MOFU-to-BOFU,related-capabilities,published
/{pais}/casos-de-exito/sanidad-web/,/{pais}/soluciones/optimizacion-wordpress/,case-to-solution,solution,MOFU-to-BOFU,related-capabilities,published
/{pais}/casos-de-exito/sanidad-web/,/{pais}/soluciones/contenido-seo/,case-to-solution,solution,MOFU-to-BOFU,related-capabilities,published
/{pais}/casos-de-exito/sanidad-web/,/{pais}/casos-de-exito/microcuotas/,related-case,proof,MOFU,related-cases,published
/{pais}/casos-de-exito/sanidad-web/,/{pais}/casos-de-exito/paola-informa/,related-case,proof,MOFU,related-cases,published
/{pais}/casos-de-exito/sanidad-web/,/{pais}/solicitar-diagnostico/,case-to-diagnosis,conversion,BOFU,cta,published
/{pais}/casos-de-exito/paola-informa/,/{pais}/soluciones/automatizacion-de-procesos/,case-to-solution,solution,MOFU-to-BOFU,related-capabilities,published
/{pais}/casos-de-exito/paola-informa/,/{pais}/soluciones/analitica-digital/,case-to-solution,solution,MOFU-to-BOFU,related-capabilities,published
/{pais}/casos-de-exito/paola-informa/,/{pais}/casos-de-exito/sanidad-web/,related-case,proof,MOFU,related-cases,published
/{pais}/casos-de-exito/paola-informa/,/{pais}/casos-de-exito/arpitools/,related-case,proof,MOFU,related-cases,published
/{pais}/casos-de-exito/paola-informa/,/{pais}/solicitar-diagnostico/,case-to-diagnosis,conversion,BOFU,cta,published
/{pais}/casos-de-exito/arpitools/,/{pais}/soluciones/automatizacion-de-procesos/,case-to-solution,solution,MOFU-to-BOFU,related-capabilities,published
/{pais}/casos-de-exito/arpitools/,/{pais}/soluciones/analitica-digital/,case-to-solution,solution,MOFU-to-BOFU,related-capabilities,published
/{pais}/casos-de-exito/arpitools/,/{pais}/casos-de-exito/hospital-metropolitano/,related-case,proof,MOFU,related-cases,published
/{pais}/casos-de-exito/arpitools/,/{pais}/casos-de-exito/paola-informa/,related-case,proof,MOFU,related-cases,published
/{pais}/casos-de-exito/arpitools/,/{pais}/solicitar-diagnostico/,case-to-diagnosis,conversion,BOFU,cta,published
/blog/ataque-real-en-npm-como-el-compromiso-de-axios-expuso-miles-de-entornos-sin-que-nadie-lo-notara/,/{pais}/sistema-crecimiento-digital/,global-article-to-primary-commercial,security,TOFU-to-BOFU,article-conversion,published
/{pais}/blog/ataque-real-en-npm-como-el-compromiso-de-axios-expuso-miles-de-entornos-sin-que-nadie-lo-notara/,/{pais}/sistema-crecimiento-digital/,market-article-to-primary-commercial,security,TOFU-to-BOFU,article-conversion,published
/blog/ataque-real-en-npm-como-el-compromiso-de-axios-expuso-miles-de-entornos-sin-que-nadie-lo-notara/,/{pais}/soluciones/optimizacion-wordpress/,global-article-to-related-commercial,security,TOFU-to-BOFU,article-conversion,published
/{pais}/blog/ataque-real-en-npm-como-el-compromiso-de-axios-expuso-miles-de-entornos-sin-que-nadie-lo-notara/,/{pais}/soluciones/optimizacion-wordpress/,market-article-to-related-commercial,security,TOFU-to-BOFU,article-conversion,published
/blog/matriz-objetivo-icp-canal-lead-magnet-pagina-evento-de-conversion-metricas/,/{pais}/soluciones/analitica-digital/,global-article-to-primary-commercial,analytics-conversion,TOFU-to-BOFU,article-conversion,published
/{pais}/blog/matriz-objetivo-icp-canal-lead-magnet-pagina-evento-de-conversion-metricas/,/{pais}/soluciones/analitica-digital/,market-article-to-primary-commercial,analytics-conversion,TOFU-to-BOFU,article-conversion,published
/blog/matriz-objetivo-icp-canal-lead-magnet-pagina-evento-de-conversion-metricas/,/{pais}/soluciones/optimizacion-de-conversion/,global-article-to-related-commercial,analytics-conversion,TOFU-to-BOFU,article-conversion,published
/{pais}/blog/matriz-objetivo-icp-canal-lead-magnet-pagina-evento-de-conversion-metricas/,/{pais}/soluciones/optimizacion-de-conversion/,market-article-to-related-commercial,analytics-conversion,TOFU-to-BOFU,article-conversion,published
/blog/matriz-objetivo-icp-canal-lead-magnet-pagina-evento-de-conversion-metricas/,/{pais}/soluciones/seguimiento-de-leads/,global-article-to-related-commercial,analytics-conversion,TOFU-to-BOFU,article-conversion,published
/{pais}/blog/matriz-objetivo-icp-canal-lead-magnet-pagina-evento-de-conversion-metricas/,/{pais}/soluciones/seguimiento-de-leads/,market-article-to-related-commercial,analytics-conversion,TOFU-to-BOFU,article-conversion,published
/blog/por-que-un-sitio-wordpress-no-puede-quedar-librado-a-la-suerte-y-como-evitar-dolores-de-cabeza-despues/,/{pais}/soluciones/optimizacion-wordpress/,global-article-to-primary-commercial,wordpress,TOFU-to-BOFU,article-conversion,published
/{pais}/blog/por-que-un-sitio-wordpress-no-puede-quedar-librado-a-la-suerte-y-como-evitar-dolores-de-cabeza-despues/,/{pais}/soluciones/optimizacion-wordpress/,market-article-to-primary-commercial,wordpress,TOFU-to-BOFU,article-conversion,published
/blog/por-que-un-sitio-wordpress-no-puede-quedar-librado-a-la-suerte-y-como-evitar-dolores-de-cabeza-despues/,/{pais}/soluciones/seo-wordpress/,global-article-to-related-commercial,wordpress,TOFU-to-BOFU,article-conversion,published
/{pais}/blog/por-que-un-sitio-wordpress-no-puede-quedar-librado-a-la-suerte-y-como-evitar-dolores-de-cabeza-despues/,/{pais}/soluciones/seo-wordpress/,market-article-to-related-commercial,wordpress,TOFU-to-BOFU,article-conversion,published
/blog/por-que-un-sitio-wordpress-no-puede-quedar-librado-a-la-suerte-y-como-evitar-dolores-de-cabeza-despues/,/{pais}/auditoria-crecimiento-digital/,global-article-to-related-commercial,wordpress,TOFU-to-BOFU,article-conversion,published
/{pais}/blog/por-que-un-sitio-wordpress-no-puede-quedar-librado-a-la-suerte-y-como-evitar-dolores-de-cabeza-despues/,/{pais}/auditoria-crecimiento-digital/,market-article-to-related-commercial,wordpress,TOFU-to-BOFU,article-conversion,published
/blog/por-que-un-sitio-wordpress-no-puede-quedar-librado-a-la-suerte-y-como-evitar-dolores-de-cabeza-despues/,/proyectos/shortcodes-en-pestanas/,article-to-technical-project,wordpress,TOFU-to-MOFU,related-project,published
/{pais}/blog/por-que-un-sitio-wordpress-no-puede-quedar-librado-a-la-suerte-y-como-evitar-dolores-de-cabeza-despues/,/proyectos/shortcodes-en-pestanas/,market-article-to-technical-project,wordpress,TOFU-to-MOFU,related-project,published
/blog/como-una-buena-automatizacion-puede-cambiar-por-completo-el-flujo-de-trabajo-de-tu-empresa/,/{pais}/soluciones/automatizacion-de-procesos/,global-article-to-primary-commercial,automation,TOFU-to-BOFU,article-conversion,published
/{pais}/blog/como-una-buena-automatizacion-puede-cambiar-por-completo-el-flujo-de-trabajo-de-tu-empresa/,/{pais}/soluciones/automatizacion-de-procesos/,market-article-to-primary-commercial,automation,TOFU-to-BOFU,article-conversion,published
/blog/como-una-buena-automatizacion-puede-cambiar-por-completo-el-flujo-de-trabajo-de-tu-empresa/,/{pais}/soluciones/seguimiento-de-leads/,global-article-to-related-commercial,automation,TOFU-to-BOFU,article-conversion,published
/{pais}/blog/como-una-buena-automatizacion-puede-cambiar-por-completo-el-flujo-de-trabajo-de-tu-empresa/,/{pais}/soluciones/seguimiento-de-leads/,market-article-to-related-commercial,automation,TOFU-to-BOFU,article-conversion,published
/blog/como-una-buena-automatizacion-puede-cambiar-por-completo-el-flujo-de-trabajo-de-tu-empresa/,/{pais}/soluciones/analitica-digital/,global-article-to-related-commercial,automation,TOFU-to-BOFU,article-conversion,published
/{pais}/blog/como-una-buena-automatizacion-puede-cambiar-por-completo-el-flujo-de-trabajo-de-tu-empresa/,/{pais}/soluciones/analitica-digital/,market-article-to-related-commercial,automation,TOFU-to-BOFU,article-conversion,published
/blog/por-que-geeksy-shop-es-hoy-una-de-las-mejores-fuentes-para-comprar-productos-del-fandom-y-como-aprovecharlo-desde-pixvo-tech/,/{pais}/soluciones/seo-para-pymes/,global-article-to-primary-commercial,seo-content,TOFU-to-BOFU,article-conversion,published
/{pais}/blog/por-que-geeksy-shop-es-hoy-una-de-las-mejores-fuentes-para-comprar-productos-del-fandom-y-como-aprovecharlo-desde-pixvo-tech/,/{pais}/soluciones/seo-para-pymes/,market-article-to-primary-commercial,seo-content,TOFU-to-BOFU,article-conversion,published
/blog/por-que-geeksy-shop-es-hoy-una-de-las-mejores-fuentes-para-comprar-productos-del-fandom-y-como-aprovecharlo-desde-pixvo-tech/,/{pais}/soluciones/contenido-seo/,global-article-to-related-commercial,seo-content,TOFU-to-BOFU,article-conversion,published
/{pais}/blog/por-que-geeksy-shop-es-hoy-una-de-las-mejores-fuentes-para-comprar-productos-del-fandom-y-como-aprovecharlo-desde-pixvo-tech/,/{pais}/soluciones/contenido-seo/,market-article-to-related-commercial,seo-content,TOFU-to-BOFU,article-conversion,published
/blog/por-que-geeksy-shop-es-hoy-una-de-las-mejores-fuentes-para-comprar-productos-del-fandom-y-como-aprovecharlo-desde-pixvo-tech/,/{pais}/soluciones/optimizacion-de-conversion/,global-article-to-related-commercial,seo-content,TOFU-to-BOFU,article-conversion,published
/{pais}/blog/por-que-geeksy-shop-es-hoy-una-de-las-mejores-fuentes-para-comprar-productos-del-fandom-y-como-aprovecharlo-desde-pixvo-tech/,/{pais}/soluciones/optimizacion-de-conversion/,market-article-to-related-commercial,seo-content,TOFU-to-BOFU,article-conversion,published
/blog/black-friday-y-cyber-week-el-momento-del-ano-donde-tu-negocio-no-puede-improvisar/,/{pais}/soluciones/optimizacion-de-conversion/,global-article-to-primary-commercial,conversion-campaigns,TOFU-to-BOFU,article-conversion,published
/{pais}/blog/black-friday-y-cyber-week-el-momento-del-ano-donde-tu-negocio-no-puede-improvisar/,/{pais}/soluciones/optimizacion-de-conversion/,market-article-to-primary-commercial,conversion-campaigns,TOFU-to-BOFU,article-conversion,published
/blog/black-friday-y-cyber-week-el-momento-del-ano-donde-tu-negocio-no-puede-improvisar/,/{pais}/soluciones/analitica-digital/,global-article-to-related-commercial,conversion-campaigns,TOFU-to-BOFU,article-conversion,published
/{pais}/blog/black-friday-y-cyber-week-el-momento-del-ano-donde-tu-negocio-no-puede-improvisar/,/{pais}/soluciones/analitica-digital/,market-article-to-related-commercial,conversion-campaigns,TOFU-to-BOFU,article-conversion,published
/blog/black-friday-y-cyber-week-el-momento-del-ano-donde-tu-negocio-no-puede-improvisar/,/{pais}/soluciones/automatizacion-de-marketing/,global-article-to-related-commercial,conversion-campaigns,TOFU-to-BOFU,article-conversion,published
/{pais}/blog/black-friday-y-cyber-week-el-momento-del-ano-donde-tu-negocio-no-puede-improvisar/,/{pais}/soluciones/automatizacion-de-marketing/,market-article-to-related-commercial,conversion-campaigns,TOFU-to-BOFU,article-conversion,published
/blog/el-mal-uso-de-la-ia-y-sus-consecuencias-reales-el-ejemplo-critico-de-los-libros-de-foraging-en-amazon/,/{pais}/soluciones/contenido-seo/,global-article-to-primary-commercial,content-governance,TOFU-to-BOFU,article-conversion,published
/{pais}/blog/el-mal-uso-de-la-ia-y-sus-consecuencias-reales-el-ejemplo-critico-de-los-libros-de-foraging-en-amazon/,/{pais}/soluciones/contenido-seo/,market-article-to-primary-commercial,content-governance,TOFU-to-BOFU,article-conversion,published
/blog/el-mal-uso-de-la-ia-y-sus-consecuencias-reales-el-ejemplo-critico-de-los-libros-de-foraging-en-amazon/,/{pais}/soluciones/seo-para-pymes/,global-article-to-related-commercial,content-governance,TOFU-to-BOFU,article-conversion,published
/{pais}/blog/el-mal-uso-de-la-ia-y-sus-consecuencias-reales-el-ejemplo-critico-de-los-libros-de-foraging-en-amazon/,/{pais}/soluciones/seo-para-pymes/,market-article-to-related-commercial,content-governance,TOFU-to-BOFU,article-conversion,published
/blog/por-que-necesitas-un-sitio-web-profesional-en-2025-y-como-conseguir-hosting-premium-con-descuento/,/{pais}/soluciones/optimizacion-wordpress/,global-article-to-primary-commercial,wordpress-conversion,TOFU-to-BOFU,article-conversion,published
/{pais}/blog/por-que-necesitas-un-sitio-web-profesional-en-2025-y-como-conseguir-hosting-premium-con-descuento/,/{pais}/soluciones/optimizacion-wordpress/,market-article-to-primary-commercial,wordpress-conversion,TOFU-to-BOFU,article-conversion,published
/blog/por-que-necesitas-un-sitio-web-profesional-en-2025-y-como-conseguir-hosting-premium-con-descuento/,/{pais}/soluciones/seo-wordpress/,global-article-to-related-commercial,wordpress-conversion,TOFU-to-BOFU,article-conversion,published
/{pais}/blog/por-que-necesitas-un-sitio-web-profesional-en-2025-y-como-conseguir-hosting-premium-con-descuento/,/{pais}/soluciones/seo-wordpress/,market-article-to-related-commercial,wordpress-conversion,TOFU-to-BOFU,article-conversion,published
/blog/por-que-necesitas-un-sitio-web-profesional-en-2025-y-como-conseguir-hosting-premium-con-descuento/,/{pais}/soluciones/optimizacion-de-conversion/,global-article-to-related-commercial,wordpress-conversion,TOFU-to-BOFU,article-conversion,published
/{pais}/blog/por-que-necesitas-un-sitio-web-profesional-en-2025-y-como-conseguir-hosting-premium-con-descuento/,/{pais}/soluciones/optimizacion-de-conversion/,market-article-to-related-commercial,wordpress-conversion,TOFU-to-BOFU,article-conversion,published
/blog/la-importancia-de-las-decisiones-y-resoluciones-eficientes-en-la-gestion-de-pequenas-y-medianas-empresas/,/{pais}/sistema-crecimiento-digital/,global-article-to-primary-commercial,growth-operations,TOFU-to-BOFU,article-conversion,published
/{pais}/blog/la-importancia-de-las-decisiones-y-resoluciones-eficientes-en-la-gestion-de-pequenas-y-medianas-empresas/,/{pais}/sistema-crecimiento-digital/,market-article-to-primary-commercial,growth-operations,TOFU-to-BOFU,article-conversion,published
/blog/la-importancia-de-las-decisiones-y-resoluciones-eficientes-en-la-gestion-de-pequenas-y-medianas-empresas/,/{pais}/soluciones/automatizacion-de-procesos/,global-article-to-related-commercial,growth-operations,TOFU-to-BOFU,article-conversion,published
/{pais}/blog/la-importancia-de-las-decisiones-y-resoluciones-eficientes-en-la-gestion-de-pequenas-y-medianas-empresas/,/{pais}/soluciones/automatizacion-de-procesos/,market-article-to-related-commercial,growth-operations,TOFU-to-BOFU,article-conversion,published
/blog/la-importancia-de-las-decisiones-y-resoluciones-eficientes-en-la-gestion-de-pequenas-y-medianas-empresas/,/{pais}/soluciones/analitica-digital/,global-article-to-related-commercial,growth-operations,TOFU-to-BOFU,article-conversion,published
/{pais}/blog/la-importancia-de-las-decisiones-y-resoluciones-eficientes-en-la-gestion-de-pequenas-y-medianas-empresas/,/{pais}/soluciones/analitica-digital/,market-article-to-related-commercial,growth-operations,TOFU-to-BOFU,article-conversion,published
/blog/crear-un-sitio-web-rapido-con-las-herramientas-de-ia-de-hostinger/,/{pais}/soluciones/optimizacion-wordpress/,global-article-to-primary-commercial,website-builders,TOFU-to-BOFU,article-conversion,published
/{pais}/blog/crear-un-sitio-web-rapido-con-las-herramientas-de-ia-de-hostinger/,/{pais}/soluciones/optimizacion-wordpress/,market-article-to-primary-commercial,website-builders,TOFU-to-BOFU,article-conversion,published
/blog/crear-un-sitio-web-rapido-con-las-herramientas-de-ia-de-hostinger/,/{pais}/soluciones/seo-para-pymes/,global-article-to-related-commercial,website-builders,TOFU-to-BOFU,article-conversion,published
/{pais}/blog/crear-un-sitio-web-rapido-con-las-herramientas-de-ia-de-hostinger/,/{pais}/soluciones/seo-para-pymes/,market-article-to-related-commercial,website-builders,TOFU-to-BOFU,article-conversion,published
/blog/crear-un-sitio-web-rapido-con-las-herramientas-de-ia-de-hostinger/,/{pais}/soluciones/optimizacion-de-conversion/,global-article-to-related-commercial,website-builders,TOFU-to-BOFU,article-conversion,published
/{pais}/blog/crear-un-sitio-web-rapido-con-las-herramientas-de-ia-de-hostinger/,/{pais}/soluciones/optimizacion-de-conversion/,market-article-to-related-commercial,website-builders,TOFU-to-BOFU,article-conversion,published
/blog/la-ia-esta-matando-la-creatividad/,/{pais}/soluciones/contenido-seo/,global-article-to-primary-commercial,content-strategy,TOFU-to-BOFU,article-conversion,published
/{pais}/blog/la-ia-esta-matando-la-creatividad/,/{pais}/soluciones/contenido-seo/,market-article-to-primary-commercial,content-strategy,TOFU-to-BOFU,article-conversion,published
/blog/la-ia-esta-matando-la-creatividad/,/{pais}/soluciones/seo-para-pymes/,global-article-to-related-commercial,content-strategy,TOFU-to-BOFU,article-conversion,published
/{pais}/blog/la-ia-esta-matando-la-creatividad/,/{pais}/soluciones/seo-para-pymes/,market-article-to-related-commercial,content-strategy,TOFU-to-BOFU,article-conversion,published
/blog/redactar-sin-ia-reduce-productividad-evidencia-limites-y-como-implementarlo-en-marketing/,/{pais}/soluciones/contenido-seo/,global-article-to-primary-commercial,content-automation,TOFU-to-BOFU,article-conversion,published
/{pais}/blog/redactar-sin-ia-reduce-productividad-evidencia-limites-y-como-implementarlo-en-marketing/,/{pais}/soluciones/contenido-seo/,market-article-to-primary-commercial,content-automation,TOFU-to-BOFU,article-conversion,published
/blog/redactar-sin-ia-reduce-productividad-evidencia-limites-y-como-implementarlo-en-marketing/,/{pais}/soluciones/automatizacion-de-marketing/,global-article-to-related-commercial,content-automation,TOFU-to-BOFU,article-conversion,published
/{pais}/blog/redactar-sin-ia-reduce-productividad-evidencia-limites-y-como-implementarlo-en-marketing/,/{pais}/soluciones/automatizacion-de-marketing/,market-article-to-related-commercial,content-automation,TOFU-to-BOFU,article-conversion,published
/blog/redactar-sin-ia-reduce-productividad-evidencia-limites-y-como-implementarlo-en-marketing/,/{pais}/soluciones/seo-para-pymes/,global-article-to-related-commercial,content-automation,TOFU-to-BOFU,article-conversion,published
/{pais}/blog/redactar-sin-ia-reduce-productividad-evidencia-limites-y-como-implementarlo-en-marketing/,/{pais}/soluciones/seo-para-pymes/,market-article-to-related-commercial,content-automation,TOFU-to-BOFU,article-conversion,published
/blog/caso-de-exito-microcuotas-y-como-google-ads-desarrollo-a-medida-le-cambiaron-el-juego/,/{pais}/soluciones/automatizacion-de-procesos/,global-article-to-primary-commercial,automation-leads,TOFU-to-BOFU,article-conversion,published
/{pais}/blog/caso-de-exito-microcuotas-y-como-google-ads-desarrollo-a-medida-le-cambiaron-el-juego/,/{pais}/soluciones/automatizacion-de-procesos/,market-article-to-primary-commercial,automation-leads,TOFU-to-BOFU,article-conversion,published
/blog/caso-de-exito-microcuotas-y-como-google-ads-desarrollo-a-medida-le-cambiaron-el-juego/,/{pais}/soluciones/seguimiento-de-leads/,global-article-to-related-commercial,automation-leads,TOFU-to-BOFU,article-conversion,published
/{pais}/blog/caso-de-exito-microcuotas-y-como-google-ads-desarrollo-a-medida-le-cambiaron-el-juego/,/{pais}/soluciones/seguimiento-de-leads/,market-article-to-related-commercial,automation-leads,TOFU-to-BOFU,article-conversion,published
/blog/caso-de-exito-microcuotas-y-como-google-ads-desarrollo-a-medida-le-cambiaron-el-juego/,/{pais}/soluciones/analitica-digital/,global-article-to-related-commercial,automation-leads,TOFU-to-BOFU,article-conversion,published
/{pais}/blog/caso-de-exito-microcuotas-y-como-google-ads-desarrollo-a-medida-le-cambiaron-el-juego/,/{pais}/soluciones/analitica-digital/,market-article-to-related-commercial,automation-leads,TOFU-to-BOFU,article-conversion,published
/blog/caso-de-exito-microcuotas-y-como-google-ads-desarrollo-a-medida-le-cambiaron-el-juego/,/{pais}/auditoria-crecimiento-digital/,global-article-to-related-commercial,automation-leads,TOFU-to-BOFU,article-conversion,published
/{pais}/blog/caso-de-exito-microcuotas-y-como-google-ads-desarrollo-a-medida-le-cambiaron-el-juego/,/{pais}/auditoria-crecimiento-digital/,market-article-to-related-commercial,automation-leads,TOFU-to-BOFU,article-conversion,published
/{pais}/planes/,/{pais}/sistema-crecimiento-digital/,commercial-journey,conversion,BOFU,content,published
/{pais}/planes/,/{pais}/auditoria-crecimiento-digital/,commercial-journey,conversion,BOFU,content,published
/{pais}/planes/,/{pais}/recursos/seo-mensual-vs-auditoria/,commercial-journey,conversion,BOFU,content,published
/{pais}/planes/,/{pais}/casos-de-exito/microcuotas/,commercial-journey,conversion,BOFU,content,published
/{pais}/planes/,/{pais}/solicitar-diagnostico/,commercial-journey,conversion,BOFU,content,published
/{pais}/auditoria-crecimiento-digital/,/{pais}/sistema-crecimiento-digital/,commercial-journey,conversion,BOFU,content,published
/{pais}/auditoria-crecimiento-digital/,/{pais}/soluciones/seo-para-pymes/,commercial-journey,conversion,BOFU,content,published
/{pais}/auditoria-crecimiento-digital/,/{pais}/soluciones/automatizacion-de-procesos/,commercial-journey,conversion,BOFU,content,published
/{pais}/auditoria-crecimiento-digital/,/{pais}/soluciones/seguimiento-de-leads/,commercial-journey,conversion,BOFU,content,published
/{pais}/auditoria-crecimiento-digital/,/{pais}/recursos/seo-mensual-vs-auditoria/,commercial-journey,conversion,BOFU,content,published
/{pais}/auditoria-crecimiento-digital/,/{pais}/planes/,commercial-journey,conversion,BOFU,content,published
/{pais}/auditoria-crecimiento-digital/,/{pais}/casos-de-exito/microcuotas/,commercial-journey,conversion,BOFU,content,published
/{pais}/auditoria-crecimiento-digital/,/{pais}/solicitar-diagnostico/,commercial-journey,conversion,BOFU,content,published
