url,country,cluster,primary_keyword,secondary_keywords,intent,funnel,page_type,priority,conversion,parent_url,status,ownership_key,indexability,title,h1
/,global,brand,Pixvo mercados,Pixvo Growth System; México; Argentina; España,navigational,BOFU,market_selector,P1,market selection,,published,market-selector,"index,follow",Pixvo | Elige tu mercado,Pixvo Growth System
/mx/,mx,brand,Pixvo,SEO automatización y analítica; crecimiento para PyMEs,branded commercial,BOFU,home,P1,diagnosis,/,published,market-home,"index,follow","Pixvo | SEO, automatización y crecimiento para PyMEs — México","Pixvo: SEO, automatización y analítica para PyMEs"
/ar/,ar,brand,Pixvo,SEO automatización y analítica; crecimiento para PyMEs,branded commercial,BOFU,home,P1,diagnosis,/,published,market-home,"index,follow","Pixvo | SEO, automatización y crecimiento para PyMEs — Argentina","Pixvo: SEO, automatización y analítica para PyMEs"
/es/,es,brand,Pixvo,SEO automatización y analítica; crecimiento para PyMEs,branded commercial,BOFU,home,P1,diagnosis,/,published,market-home,"index,follow","Pixvo | SEO, automatización y crecimiento para PyMEs — España","Pixvo: SEO, automatización y analítica para PyMEs"
/mx/sistema-crecimiento-digital/,mx,growth-system,sistema de crecimiento digital para PyMEs,sistema de crecimiento para empresas; consultoría de crecimiento digital; estrategia de crecimiento digital; SEO y automatización para PyMEs; sistema de captación digital,commercial,MOFU/BOFU,commercial_hub,P1,diagnosis,/mx/,published,growth-system,"index,follow",Sistema de crecimiento digital para PyMEs | Pixvo — México,Sistema de crecimiento digital para PyMEs
/ar/sistema-crecimiento-digital/,ar,growth-system,sistema de crecimiento digital para PyMEs,sistema de crecimiento para empresas; consultoría de crecimiento digital; estrategia de crecimiento digital; SEO y automatización para PyMEs; sistema de captación digital,commercial,MOFU/BOFU,commercial_hub,P1,diagnosis,/ar/,published,growth-system,"index,follow",Sistema de crecimiento digital para PyMEs | Pixvo — Argentina,Sistema de crecimiento digital para PyMEs
/es/sistema-crecimiento-digital/,es,growth-system,sistema de crecimiento digital para PyMEs,sistema de crecimiento para empresas; consultoría de crecimiento digital; estrategia de crecimiento digital; SEO y automatización para PyMEs; sistema de captación digital,commercial,MOFU/BOFU,commercial_hub,P1,diagnosis,/es/,published,growth-system,"index,follow",Sistema de crecimiento digital para PyMEs | Pixvo — España,Sistema de crecimiento digital para PyMEs
/mx/planes/,mx,conversion,precios Pixvo Growth System,planes de crecimiento digital; precio SEO para PyMEs,transactional,BOFU,pricing,P1,diagnosis,/mx/sistema-crecimiento-digital/,published,plans,"index,follow",Planes y precios de Pixvo Growth System — México,Planes y precios de Pixvo Growth System
/ar/planes/,ar,conversion,precios Pixvo Growth System,planes de crecimiento digital; precio SEO para PyMEs,transactional,BOFU,pricing,P1,diagnosis,/ar/sistema-crecimiento-digital/,published,plans,"index,follow",Planes y precios de Pixvo Growth System — Argentina,Planes y precios de Pixvo Growth System
/es/planes/,es,conversion,precios Pixvo Growth System,planes de crecimiento digital; precio SEO para PyMEs,transactional,BOFU,pricing,P1,diagnosis,/es/sistema-crecimiento-digital/,published,plans,"index,follow",Planes y precios de Pixvo Growth System — España,Planes y precios de Pixvo Growth System
/mx/auditoria-crecimiento-digital/,mx,conversion,auditoría de crecimiento digital,auditoría SEO y conversión; auditoría de marketing digital,transactional,BOFU,audit,P1,diagnosis,/mx/sistema-crecimiento-digital/,published,audit,"index,follow","Auditoría de crecimiento digital, SEO y conversión | Pixvo — México","Auditoría de crecimiento digital, SEO y conversión"
/ar/auditoria-crecimiento-digital/,ar,conversion,auditoría de crecimiento digital,auditoría SEO y conversión; auditoría de marketing digital,transactional,BOFU,audit,P1,diagnosis,/ar/sistema-crecimiento-digital/,published,audit,"index,follow","Auditoría de crecimiento digital, SEO y conversión | Pixvo — Argentina","Auditoría de crecimiento digital, SEO y conversión"
/es/auditoria-crecimiento-digital/,es,conversion,auditoría de crecimiento digital,auditoría SEO y conversión; auditoría de marketing digital,transactional,BOFU,audit,P1,diagnosis,/es/sistema-crecimiento-digital/,published,audit,"index,follow","Auditoría de crecimiento digital, SEO y conversión | Pixvo — España","Auditoría de crecimiento digital, SEO y conversión"
/mx/solicitar-diagnostico/,mx,conversion,solicitar diagnóstico Pixvo,diagnóstico de crecimiento digital,transactional,BOFU,lead_form,P1,lead,/mx/sistema-crecimiento-digital/,published,diagnosis-form,"index,follow",Solicitar diagnóstico de crecimiento digital | Pixvo — México,Solicita un diagnóstico de crecimiento digital
/ar/solicitar-diagnostico/,ar,conversion,solicitar diagnóstico Pixvo,diagnóstico de crecimiento digital,transactional,BOFU,lead_form,P1,lead,/ar/sistema-crecimiento-digital/,published,diagnosis-form,"index,follow",Solicitar diagnóstico de crecimiento digital | Pixvo — Argentina,Solicita un diagnóstico de crecimiento digital
/es/solicitar-diagnostico/,es,conversion,solicitar diagnóstico Pixvo,diagnóstico de crecimiento digital,transactional,BOFU,lead_form,P1,lead,/es/sistema-crecimiento-digital/,published,diagnosis-form,"index,follow",Solicitar diagnóstico de crecimiento digital | Pixvo — España,Solicita un diagnóstico de crecimiento digital
/mx/nosotros/,mx,brand,sobre Pixvo,equipo Pixvo,navigational,BOFU,about,P3,contact,/mx/,published,about,"index,follow",Sobre Pixvo Growth System — México,Un sistema operado con criterio y supervisión humana
/ar/nosotros/,ar,brand,sobre Pixvo,equipo Pixvo,navigational,BOFU,about,P3,contact,/ar/,published,about,"index,follow",Sobre Pixvo Growth System — Argentina,Un sistema operado con criterio y supervisión humana
/es/nosotros/,es,brand,sobre Pixvo,equipo Pixvo,navigational,BOFU,about,P3,contact,/es/,published,about,"index,follow",Sobre Pixvo Growth System — España,Un sistema operado con criterio y supervisión humana
/mx/contacto/,mx,brand,contacto Pixvo,contactar Pixvo,navigational,BOFU,contact,P3,contact,/mx/,published,contact,"index,follow",Contacto Pixvo — México,Cuéntanos qué está frenando tu sistema comercial
/ar/contacto/,ar,brand,contacto Pixvo,contactar Pixvo,navigational,BOFU,contact,P3,contact,/ar/,published,contact,"index,follow",Contacto Pixvo — Argentina,Cuéntanos qué está frenando tu sistema comercial
/es/contacto/,es,brand,contacto Pixvo,contactar Pixvo,navigational,BOFU,contact,P3,contact,/es/,published,contact,"index,follow",Contacto Pixvo — España,Cuéntanos qué está frenando tu sistema comercial
/mx/soluciones/seo-para-pymes/,mx,seo,SEO para PyMEs,consultoría SEO para PyMEs; servicio SEO para empresas,transactional,BOFU,solution,P1,diagnosis,/mx/sistema-crecimiento-digital/,published,solution:seo-para-pymes,"index,follow",SEO para PyMEs orientado a captar clientes | Pixvo — México,SEO para PyMEs orientado a captar oportunidades comerciales
/ar/soluciones/seo-para-pymes/,ar,seo,SEO para PyMEs,consultoría SEO para PyMEs; servicio SEO para empresas,transactional,BOFU,solution,P1,diagnosis,/ar/sistema-crecimiento-digital/,published,solution:seo-para-pymes,"index,follow",SEO para PyMEs orientado a captar clientes | Pixvo — Argentina,SEO para PyMEs orientado a captar oportunidades comerciales
/es/soluciones/seo-para-pymes/,es,seo,SEO para PyMEs,consultoría SEO para PyMEs; servicio SEO para empresas,transactional,BOFU,solution,P1,diagnosis,/es/sistema-crecimiento-digital/,published,solution:seo-para-pymes,"index,follow",SEO para PyMEs orientado a captar clientes | Pixvo — España,SEO para PyMEs orientado a captar oportunidades comerciales
/mx/soluciones/seo-wordpress/,mx,seo,SEO para WordPress,consultoría SEO WordPress; optimización SEO WordPress,transactional,BOFU,solution,P2,diagnosis,/mx/soluciones/seo-para-pymes/,published,solution:seo-wordpress,"index,follow",SEO para WordPress | Pixvo — México,"SEO para WordPress: rastreo, indexación y arquitectura"
/ar/soluciones/seo-wordpress/,ar,seo,SEO para WordPress,consultoría SEO WordPress; optimización SEO WordPress,transactional,BOFU,solution,P2,diagnosis,/ar/soluciones/seo-para-pymes/,published,solution:seo-wordpress,"index,follow",SEO para WordPress | Pixvo — Argentina,"SEO para WordPress: rastreo, indexación y arquitectura"
/es/soluciones/seo-wordpress/,es,seo,SEO para WordPress,consultoría SEO WordPress; optimización SEO WordPress,transactional,BOFU,solution,P2,diagnosis,/es/soluciones/seo-para-pymes/,published,solution:seo-wordpress,"index,follow",SEO para WordPress | Pixvo — España,"SEO para WordPress: rastreo, indexación y arquitectura"
/mx/soluciones/contenido-seo/,mx,seo,servicio de contenido SEO,estrategia de contenidos SEO; creación de landings SEO,transactional,BOFU,solution,P2,diagnosis,/mx/soluciones/seo-para-pymes/,published,solution:contenido-seo,"index,follow",Servicio de contenido SEO | Pixvo — México,Contenido SEO diseñado para atraer y convertir
/ar/soluciones/contenido-seo/,ar,seo,servicio de contenido SEO,estrategia de contenidos SEO; creación de landings SEO,transactional,BOFU,solution,P2,diagnosis,/ar/soluciones/seo-para-pymes/,published,solution:contenido-seo,"index,follow",Servicio de contenido SEO | Pixvo — Argentina,Contenido SEO diseñado para atraer y convertir
/es/soluciones/contenido-seo/,es,seo,servicio de contenido SEO,estrategia de contenidos SEO; creación de landings SEO,transactional,BOFU,solution,P2,diagnosis,/es/soluciones/seo-para-pymes/,published,solution:contenido-seo,"index,follow",Servicio de contenido SEO | Pixvo — España,Contenido SEO diseñado para atraer y convertir
/mx/soluciones/automatizacion-de-procesos/,mx,automation,automatización de procesos para PyMEs,automatización empresarial; automatización con n8n,transactional,BOFU,solution,P1,diagnosis,/mx/sistema-crecimiento-digital/,published,solution:automatizacion-de-procesos,"index,follow",Automatización de procesos para PyMEs | Pixvo — México,Automatización de procesos para PyMEs
/ar/soluciones/automatizacion-de-procesos/,ar,automation,automatización de procesos para PyMEs,automatización empresarial; automatización con n8n,transactional,BOFU,solution,P1,diagnosis,/ar/sistema-crecimiento-digital/,published,solution:automatizacion-de-procesos,"index,follow",Automatización de procesos para PyMEs | Pixvo — Argentina,Automatización de procesos para PyMEs
/es/soluciones/automatizacion-de-procesos/,es,automation,automatización de procesos para PyMEs,automatización empresarial; automatización con n8n,transactional,BOFU,solution,P1,diagnosis,/es/sistema-crecimiento-digital/,published,solution:automatizacion-de-procesos,"index,follow",Automatización de procesos para PyMEs | Pixvo — España,Automatización de procesos para PyMEs
/mx/soluciones/automatizacion-de-marketing/,mx,automation,automatización de marketing para PyMEs,marketing automation; automatizar marketing,transactional,BOFU,solution,P2,diagnosis,/mx/soluciones/automatizacion-de-procesos/,published,solution:automatizacion-de-marketing,"index,follow",Automatización de marketing | Pixvo — México,Automatización de marketing para PyMEs
/ar/soluciones/automatizacion-de-marketing/,ar,automation,automatización de marketing para PyMEs,marketing automation; automatizar marketing,transactional,BOFU,solution,P2,diagnosis,/ar/soluciones/automatizacion-de-procesos/,published,solution:automatizacion-de-marketing,"index,follow",Automatización de marketing | Pixvo — Argentina,Automatización de marketing para PyMEs
/es/soluciones/automatizacion-de-marketing/,es,automation,automatización de marketing para PyMEs,marketing automation; automatizar marketing,transactional,BOFU,solution,P2,diagnosis,/es/soluciones/automatizacion-de-procesos/,published,solution:automatizacion-de-marketing,"index,follow",Automatización de marketing | Pixvo — España,Automatización de marketing para PyMEs
/mx/soluciones/seguimiento-de-leads/,mx,leads,automatización del seguimiento de leads,seguimiento de leads; automatizar prospectos,transactional,BOFU,solution,P1,diagnosis,/mx/sistema-crecimiento-digital/,published,solution:seguimiento-de-leads,"index,follow",Automatización del seguimiento de leads | Pixvo — México,Automatización y seguimiento de leads para no perder oportunidades
/ar/soluciones/seguimiento-de-leads/,ar,leads,automatización del seguimiento de leads,seguimiento de leads; automatizar prospectos,transactional,BOFU,solution,P1,diagnosis,/ar/sistema-crecimiento-digital/,published,solution:seguimiento-de-leads,"index,follow",Automatización del seguimiento de leads | Pixvo — Argentina,Automatización y seguimiento de leads para no perder oportunidades
/es/soluciones/seguimiento-de-leads/,es,leads,automatización del seguimiento de leads,seguimiento de leads; automatizar prospectos,transactional,BOFU,solution,P1,diagnosis,/es/sistema-crecimiento-digital/,published,solution:seguimiento-de-leads,"index,follow",Automatización del seguimiento de leads | Pixvo — España,Automatización y seguimiento de leads para no perder oportunidades
/mx/soluciones/analitica-digital/,mx,analytics,consultoría de analítica digital,analítica web para empresas; GA4 para empresas,transactional,BOFU,solution,P2,audit,/mx/sistema-crecimiento-digital/,published,solution:analitica-digital,"index,follow",Consultoría de analítica digital | Pixvo — México,"Analítica digital para tomar decisiones, no acumular informes"
/ar/soluciones/analitica-digital/,ar,analytics,consultoría de analítica digital,analítica web para empresas; GA4 para empresas,transactional,BOFU,solution,P2,audit,/ar/sistema-crecimiento-digital/,published,solution:analitica-digital,"index,follow",Consultoría de analítica digital | Pixvo — Argentina,"Analítica digital para tomar decisiones, no acumular informes"
/es/soluciones/analitica-digital/,es,analytics,consultoría de analítica digital,analítica web para empresas; GA4 para empresas,transactional,BOFU,solution,P2,audit,/es/sistema-crecimiento-digital/,published,solution:analitica-digital,"index,follow",Consultoría de analítica digital | Pixvo — España,"Analítica digital para tomar decisiones, no acumular informes"
/mx/soluciones/optimizacion-wordpress/,mx,wordpress,optimización WordPress para empresas,rendimiento WordPress; Core Web Vitals; UX,transactional,BOFU,solution,P2,audit,/mx/sistema-crecimiento-digital/,published,solution:optimizacion-wordpress,"index,follow",Optimización WordPress para empresas | Pixvo — México,"Optimización WordPress para rendimiento, estabilidad y conversión"
/ar/soluciones/optimizacion-wordpress/,ar,wordpress,optimización WordPress para empresas,rendimiento WordPress; Core Web Vitals; UX,transactional,BOFU,solution,P2,audit,/ar/sistema-crecimiento-digital/,published,solution:optimizacion-wordpress,"index,follow",Optimización WordPress para empresas | Pixvo — Argentina,"Optimización WordPress para rendimiento, estabilidad y conversión"
/es/soluciones/optimizacion-wordpress/,es,wordpress,optimización WordPress para empresas,rendimiento WordPress; Core Web Vitals; UX,transactional,BOFU,solution,P2,audit,/es/sistema-crecimiento-digital/,published,solution:optimizacion-wordpress,"index,follow",Optimización WordPress para empresas | Pixvo — España,"Optimización WordPress para rendimiento, estabilidad y conversión"
/mx/soluciones/optimizacion-de-conversion/,mx,cro,optimización de conversión web,CRO para PyMEs; mejorar conversiones web,transactional,BOFU,solution,P2,audit,/mx/sistema-crecimiento-digital/,published,solution:optimizacion-de-conversion,"index,follow",Optimización de conversión web | Pixvo — México,Optimización de conversión para transformar visitas en oportunidades
/ar/soluciones/optimizacion-de-conversion/,ar,cro,optimización de conversión web,CRO para PyMEs; mejorar conversiones web,transactional,BOFU,solution,P2,audit,/ar/sistema-crecimiento-digital/,published,solution:optimizacion-de-conversion,"index,follow",Optimización de conversión web | Pixvo — Argentina,Optimización de conversión para transformar visitas en oportunidades
/es/soluciones/optimizacion-de-conversion/,es,cro,optimización de conversión web,CRO para PyMEs; mejorar conversiones web,transactional,BOFU,solution,P2,audit,/es/sistema-crecimiento-digital/,published,solution:optimizacion-de-conversion,"index,follow",Optimización de conversión web | Pixvo — España,Optimización de conversión para transformar visitas en oportunidades
/mx/problemas/leads-no-convierten/,mx,leads,por qué mis leads no convierten,,commercial,MOFU,problem,P1,follow-up,/mx/soluciones/seguimiento-de-leads/,published,problem:leads-no-convierten,"index,follow",Por qué tus leads no se convierten en clientes | Pixvo — México,¿Por qué tus leads no se convierten en clientes?
/ar/problemas/leads-no-convierten/,ar,leads,por qué mis leads no convierten,,commercial,MOFU,problem,P1,follow-up,/ar/soluciones/seguimiento-de-leads/,published,problem:leads-no-convierten,"index,follow",Por qué tus leads no se convierten en clientes | Pixvo — Argentina,¿Por qué tus leads no se convierten en clientes?
/es/problemas/leads-no-convierten/,es,leads,por qué mis leads no convierten,,commercial,MOFU,problem,P1,follow-up,/es/soluciones/seguimiento-de-leads/,published,problem:leads-no-convierten,"index,follow",Por qué tus leads no se convierten en clientes | Pixvo — España,¿Por qué tus leads no se convierten en clientes?
/mx/problemas/reducir-tareas-manuales/,mx,automation,automatizar tareas repetitivas,,commercial,MOFU,problem,P1,automation,/mx/soluciones/automatizacion-de-procesos/,published,problem:reducir-tareas-manuales,"index,follow",Automatiza tareas repetitivas que frenan a tu equipo | Pixvo — México,Automatiza tareas repetitivas que frenan a tu equipo
/ar/problemas/reducir-tareas-manuales/,ar,automation,automatizar tareas repetitivas,,commercial,MOFU,problem,P1,automation,/ar/soluciones/automatizacion-de-procesos/,published,problem:reducir-tareas-manuales,"index,follow",Automatiza tareas repetitivas que frenan a tu equipo | Pixvo — Argentina,Automatiza tareas repetitivas que frenan a tu equipo
/es/problemas/reducir-tareas-manuales/,es,automation,automatizar tareas repetitivas,,commercial,MOFU,problem,P1,automation,/es/soluciones/automatizacion-de-procesos/,published,problem:reducir-tareas-manuales,"index,follow",Automatiza tareas repetitivas que frenan a tu equipo | Pixvo — España,Automatiza tareas repetitivas que frenan a tu equipo
/mx/problemas/web-no-convierte/,mx,cro,mi web recibe visitas pero no vende,,commercial,MOFU,problem,P1,cro,/mx/soluciones/optimizacion-de-conversion/,published,problem:web-no-convierte,"index,follow","Mi web recibe visitas, pero no vende ni genera oportunidades | Pixvo — México","Mi web recibe visitas, pero no vende ni genera oportunidades"
/ar/problemas/web-no-convierte/,ar,cro,mi web recibe visitas pero no vende,,commercial,MOFU,problem,P1,cro,/ar/soluciones/optimizacion-de-conversion/,published,problem:web-no-convierte,"index,follow","Mi web recibe visitas, pero no vende ni genera oportunidades | Pixvo — Argentina","Mi web recibe visitas, pero no vende ni genera oportunidades"
/es/problemas/web-no-convierte/,es,cro,mi web recibe visitas pero no vende,,commercial,MOFU,problem,P1,cro,/es/soluciones/optimizacion-de-conversion/,published,problem:web-no-convierte,"index,follow","Mi web recibe visitas, pero no vende ni genera oportunidades | Pixvo — España","Mi web recibe visitas, pero no vende ni genera oportunidades"
/mx/problemas/dependencia-publicidad-paga/,mx,seo,reducir dependencia de publicidad pagada,,commercial,MOFU,problem,P1,seo,/mx/soluciones/seo-para-pymes/,published,problem:dependencia-publicidad-paga,"index,follow",Reduce la dependencia de la publicidad pagada | Pixvo — México,Reduce la dependencia de la publicidad pagada
/ar/problemas/dependencia-publicidad-paga/,ar,seo,reducir dependencia de publicidad pagada,,commercial,MOFU,problem,P1,seo,/ar/soluciones/seo-para-pymes/,published,problem:dependencia-publicidad-paga,"index,follow",Reduce la dependencia de la publicidad pagada | Pixvo — Argentina,Reduce la dependencia de la publicidad pagada
/es/problemas/dependencia-publicidad-paga/,es,seo,reducir dependencia de publicidad pagada,,commercial,MOFU,problem,P1,seo,/es/soluciones/seo-para-pymes/,published,problem:dependencia-publicidad-paga,"index,follow",Reduce la dependencia de la publicidad pagada | Pixvo — España,Reduce la dependencia de la publicidad pagada
/mx/problemas/medir-resultados-marketing/,mx,analytics,medir resultados de marketing,,commercial,MOFU,problem,P1,analytics,/mx/soluciones/analitica-digital/,published,problem:medir-resultados-marketing,"index,follow",Mide qué acciones generan oportunidades | Pixvo — México,Mide qué acciones generan oportunidades
/ar/problemas/medir-resultados-marketing/,ar,analytics,medir resultados de marketing,,commercial,MOFU,problem,P1,analytics,/ar/soluciones/analitica-digital/,published,problem:medir-resultados-marketing,"index,follow",Mide qué acciones generan oportunidades | Pixvo — Argentina,Mide qué acciones generan oportunidades
/es/problemas/medir-resultados-marketing/,es,analytics,medir resultados de marketing,,commercial,MOFU,problem,P1,analytics,/es/soluciones/analitica-digital/,published,problem:medir-resultados-marketing,"index,follow",Mide qué acciones generan oportunidades | Pixvo — España,Mide qué acciones generan oportunidades
/mx/problemas/conectar-marketing-y-ventas/,mx,leads,conectar marketing y ventas,,commercial,MOFU,problem,P1,follow-up,/mx/soluciones/seguimiento-de-leads/,published,problem:conectar-marketing-y-ventas,"index,follow",Conecta marketing y ventas sin perder contexto | Pixvo — México,Conecta marketing y ventas sin perder contexto
/ar/problemas/conectar-marketing-y-ventas/,ar,leads,conectar marketing y ventas,,commercial,MOFU,problem,P1,follow-up,/ar/soluciones/seguimiento-de-leads/,published,problem:conectar-marketing-y-ventas,"index,follow",Conecta marketing y ventas sin perder contexto | Pixvo — Argentina,Conecta marketing y ventas sin perder contexto
/es/problemas/conectar-marketing-y-ventas/,es,leads,conectar marketing y ventas,,commercial,MOFU,problem,P1,follow-up,/es/soluciones/seguimiento-de-leads/,published,problem:conectar-marketing-y-ventas,"index,follow",Conecta marketing y ventas sin perder contexto | Pixvo — España,Conecta marketing y ventas sin perder contexto
/mx/problemas/wordpress-lento/,mx,wordpress,WordPress lento,,commercial,MOFU,problem,P1,wordpress-optimization,/mx/soluciones/optimizacion-wordpress/,published,problem:wordpress-lento,"index,follow","WordPress lento: rendimiento, estabilidad y conversión | Pixvo — México","WordPress lento: rendimiento, estabilidad y conversión"
/ar/problemas/wordpress-lento/,ar,wordpress,WordPress lento,,commercial,MOFU,problem,P1,wordpress-optimization,/ar/soluciones/optimizacion-wordpress/,published,problem:wordpress-lento,"index,follow","WordPress lento: rendimiento, estabilidad y conversión | Pixvo — Argentina","WordPress lento: rendimiento, estabilidad y conversión"
/es/problemas/wordpress-lento/,es,wordpress,WordPress lento,,commercial,MOFU,problem,P1,wordpress-optimization,/es/soluciones/optimizacion-wordpress/,published,problem:wordpress-lento,"index,follow","WordPress lento: rendimiento, estabilidad y conversión | Pixvo — España","WordPress lento: rendimiento, estabilidad y conversión"
/mx/problemas/contenido-no-genera-clientes/,mx,seo,contenido que no genera clientes,,commercial,MOFU,problem,P1,seo-content,/mx/soluciones/contenido-seo/,published,problem:contenido-no-genera-clientes,"index,follow","Contenido que no genera clientes: intención, rutas y conversión | Pixvo — México","Contenido que no genera clientes: intención, rutas y conversión"
/ar/problemas/contenido-no-genera-clientes/,ar,seo,contenido que no genera clientes,,commercial,MOFU,problem,P1,seo-content,/ar/soluciones/contenido-seo/,published,problem:contenido-no-genera-clientes,"index,follow","Contenido que no genera clientes: intención, rutas y conversión | Pixvo — Argentina","Contenido que no genera clientes: intención, rutas y conversión"
/es/problemas/contenido-no-genera-clientes/,es,seo,contenido que no genera clientes,,commercial,MOFU,problem,P1,seo-content,/es/soluciones/contenido-seo/,published,problem:contenido-no-genera-clientes,"index,follow","Contenido que no genera clientes: intención, rutas y conversión | Pixvo — España","Contenido que no genera clientes: intención, rutas y conversión"
/mx/casos-de-exito/,mx,proof,casos de éxito Pixvo,proyectos Pixvo; resultados Pixvo; casos de clientes Pixvo,commercial,MOFU,case_index,P1,diagnosis,/mx/sistema-crecimiento-digital/,published,case-index,"index,follow","Casos, proyectos y transformaciones verificables | Pixvo — México",Transformaciones explicadas desde el problema y la evidencia
/ar/casos-de-exito/,ar,proof,casos de éxito Pixvo,proyectos Pixvo; resultados Pixvo; casos de clientes Pixvo,commercial,MOFU,case_index,P1,diagnosis,/ar/sistema-crecimiento-digital/,published,case-index,"index,follow","Casos, proyectos y transformaciones verificables | Pixvo — Argentina",Transformaciones explicadas desde el problema y la evidencia
/es/casos-de-exito/,es,proof,casos de éxito Pixvo,proyectos Pixvo; resultados Pixvo; casos de clientes Pixvo,commercial,MOFU,case_index,P1,diagnosis,/es/sistema-crecimiento-digital/,published,case-index,"index,follow","Casos, proyectos y transformaciones verificables | Pixvo — España",Transformaciones explicadas desde el problema y la evidencia
/mx/casos-de-exito/microcuotas/,mx,automation,caso de éxito de automatización de leads: Microcuotas,precalificación de leads; integración de leads con CRM,commercial,MOFU,case_study,P1,follow-up,/mx/casos-de-exito/,published,case:microcuotas,"index,follow",Caso: Microcuotas | Pixvo — México,Microcuotas
/ar/casos-de-exito/microcuotas/,ar,automation,caso de éxito de automatización de leads: Microcuotas,precalificación de leads; integración de leads con CRM,commercial,MOFU,case_study,P1,follow-up,/ar/casos-de-exito/,published,case:microcuotas,"index,follow",Caso: Microcuotas | Pixvo — Argentina,Microcuotas
/es/casos-de-exito/microcuotas/,es,automation,caso de éxito de automatización de leads: Microcuotas,precalificación de leads; integración de leads con CRM,commercial,MOFU,case_study,P1,follow-up,/es/casos-de-exito/,published,case:microcuotas,"index,follow",Caso: Microcuotas | Pixvo — España,Microcuotas
/mx/casos-de-exito/hospital-metropolitano/,mx,automation,plataforma de eventos Hospital Metropolitano,software para eventos médicos,commercial,MOFU,case_study,P2,automation,/mx/casos-de-exito/,published,case:hospital-metropolitano,"index,follow",Caso: Hospital Metropolitano | Pixvo — México,Hospital Metropolitano
/ar/casos-de-exito/hospital-metropolitano/,ar,automation,plataforma de eventos Hospital Metropolitano,software para eventos médicos,commercial,MOFU,case_study,P2,automation,/ar/casos-de-exito/,published,case:hospital-metropolitano,"index,follow",Caso: Hospital Metropolitano | Pixvo — Argentina,Hospital Metropolitano
/es/casos-de-exito/hospital-metropolitano/,es,automation,plataforma de eventos Hospital Metropolitano,software para eventos médicos,commercial,MOFU,case_study,P2,automation,/es/casos-de-exito/,published,case:hospital-metropolitano,"index,follow",Caso: Hospital Metropolitano | Pixvo — España,Hospital Metropolitano
/mx/casos-de-exito/sanidad-web/,mx,wordpress,caso Sanidad Web,plataforma georreferenciada WordPress,commercial,MOFU,case_study,P2,wordpress-seo,/mx/casos-de-exito/,published,case:sanidad-web,"index,follow",Caso: Sanidad Web | Pixvo — México,Sanidad Web
/ar/casos-de-exito/sanidad-web/,ar,wordpress,caso Sanidad Web,plataforma georreferenciada WordPress,commercial,MOFU,case_study,P2,wordpress-seo,/ar/casos-de-exito/,published,case:sanidad-web,"index,follow",Caso: Sanidad Web | Pixvo — Argentina,Sanidad Web
/es/casos-de-exito/sanidad-web/,es,wordpress,caso Sanidad Web,plataforma georreferenciada WordPress,commercial,MOFU,case_study,P2,wordpress-seo,/es/casos-de-exito/,published,case:sanidad-web,"index,follow",Caso: Sanidad Web | Pixvo — España,Sanidad Web
/mx/casos-de-exito/paola-informa/,mx,product,caso Paola Informa,aplicación de información ciudadana,commercial,MOFU,case_study,P2,automation,/mx/casos-de-exito/,published,case:paola-informa,"index,follow",Caso: Paola Informa | Pixvo — México,Paola Informa
/ar/casos-de-exito/paola-informa/,ar,product,caso Paola Informa,aplicación de información ciudadana,commercial,MOFU,case_study,P2,automation,/ar/casos-de-exito/,published,case:paola-informa,"index,follow",Caso: Paola Informa | Pixvo — Argentina,Paola Informa
/es/casos-de-exito/paola-informa/,es,product,caso Paola Informa,aplicación de información ciudadana,commercial,MOFU,case_study,P2,automation,/es/casos-de-exito/,published,case:paola-informa,"index,follow",Caso: Paola Informa | Pixvo — España,Paola Informa
/mx/casos-de-exito/arpitools/,mx,product,caso Arpitools,aplicación mobile y reporting web,commercial,MOFU,case_study,P2,automation,/mx/casos-de-exito/,published,case:arpitools,"index,follow",Caso: Arpitools | Pixvo — México,Arpitools
/ar/casos-de-exito/arpitools/,ar,product,caso Arpitools,aplicación mobile y reporting web,commercial,MOFU,case_study,P2,automation,/ar/casos-de-exito/,published,case:arpitools,"index,follow",Caso: Arpitools | Pixvo — Argentina,Arpitools
/es/casos-de-exito/arpitools/,es,product,caso Arpitools,aplicación mobile y reporting web,commercial,MOFU,case_study,P2,automation,/es/casos-de-exito/,published,case:arpitools,"index,follow",Caso: Arpitools | Pixvo — España,Arpitools
/mx/recursos/,mx,research,recursos de crecimiento digital,comparativas SEO; automatización; analítica,commercial research,MOFU,resource_index,P2,diagnosis,/mx/sistema-crecimiento-digital/,published,resource-index,"index,follow",Recursos para decidir cómo crecer | Pixvo — México,Decisiones de crecimiento con contexto
/ar/recursos/,ar,research,recursos de crecimiento digital,comparativas SEO; automatización; analítica,commercial research,MOFU,resource_index,P2,diagnosis,/ar/sistema-crecimiento-digital/,published,resource-index,"index,follow",Recursos para decidir cómo crecer | Pixvo — Argentina,Decisiones de crecimiento con contexto
/es/recursos/,es,research,recursos de crecimiento digital,comparativas SEO; automatización; analítica,commercial research,MOFU,resource_index,P2,diagnosis,/es/sistema-crecimiento-digital/,published,resource-index,"index,follow",Recursos para decidir cómo crecer | Pixvo — España,Decisiones de crecimiento con contexto
/mx/recursos/seo-vs-google-ads/,mx,seo,SEO vs Google Ads,,commercial research,MOFU,comparison,P2,seo,/mx/recursos/,published,resource:seo-vs-google-ads,"index,follow",SEO vs Google Ads | Guía de decisión de Pixvo — México,SEO vs Google Ads
/ar/recursos/seo-vs-google-ads/,ar,seo,SEO vs Google Ads,,commercial research,MOFU,comparison,P2,seo,/ar/recursos/,published,resource:seo-vs-google-ads,"index,follow",SEO vs Google Ads | Guía de decisión de Pixvo — Argentina,SEO vs Google Ads
/es/recursos/seo-vs-google-ads/,es,seo,SEO vs Google Ads,,commercial research,MOFU,comparison,P2,seo,/es/recursos/,published,resource:seo-vs-google-ads,"index,follow",SEO vs Google Ads | Guía de decisión de Pixvo — España,SEO vs Google Ads
/mx/recursos/agencia-seo-vs-consultor-seo/,mx,seo,Agencia SEO vs consultor SEO,,commercial research,MOFU,comparison,P2,seo,/mx/recursos/,published,resource:agencia-seo-vs-consultor-seo,"index,follow",Agencia SEO vs consultor SEO | Guía de decisión de Pixvo — México,Agencia SEO vs consultor SEO
/ar/recursos/agencia-seo-vs-consultor-seo/,ar,seo,Agencia SEO vs consultor SEO,,commercial research,MOFU,comparison,P2,seo,/ar/recursos/,published,resource:agencia-seo-vs-consultor-seo,"index,follow",Agencia SEO vs consultor SEO | Guía de decisión de Pixvo — Argentina,Agencia SEO vs consultor SEO
/es/recursos/agencia-seo-vs-consultor-seo/,es,seo,Agencia SEO vs consultor SEO,,commercial research,MOFU,comparison,P2,seo,/es/recursos/,published,resource:agencia-seo-vs-consultor-seo,"index,follow",Agencia SEO vs consultor SEO | Guía de decisión de Pixvo — España,Agencia SEO vs consultor SEO
/mx/recursos/seo-mensual-vs-auditoria/,mx,seo,SEO mensual vs auditoría SEO,,commercial research,MOFU,comparison,P2,seo,/mx/recursos/,published,resource:seo-mensual-vs-auditoria,"index,follow",SEO mensual vs auditoría SEO | Guía de decisión de Pixvo — México,SEO mensual vs auditoría SEO
/ar/recursos/seo-mensual-vs-auditoria/,ar,seo,SEO mensual vs auditoría SEO,,commercial research,MOFU,comparison,P2,seo,/ar/recursos/,published,resource:seo-mensual-vs-auditoria,"index,follow",SEO mensual vs auditoría SEO | Guía de decisión de Pixvo — Argentina,SEO mensual vs auditoría SEO
/es/recursos/seo-mensual-vs-auditoria/,es,seo,SEO mensual vs auditoría SEO,,commercial research,MOFU,comparison,P2,seo,/es/recursos/,published,resource:seo-mensual-vs-auditoria,"index,follow",SEO mensual vs auditoría SEO | Guía de decisión de Pixvo — España,SEO mensual vs auditoría SEO
/mx/recursos/n8n-vs-zapier/,mx,automation,n8n vs Zapier,,commercial research,MOFU,comparison,P2,automation,/mx/recursos/,published,resource:n8n-vs-zapier,"index,follow",n8n vs Zapier | Guía de decisión de Pixvo — México,n8n vs Zapier
/ar/recursos/n8n-vs-zapier/,ar,automation,n8n vs Zapier,,commercial research,MOFU,comparison,P2,automation,/ar/recursos/,published,resource:n8n-vs-zapier,"index,follow",n8n vs Zapier | Guía de decisión de Pixvo — Argentina,n8n vs Zapier
/es/recursos/n8n-vs-zapier/,es,automation,n8n vs Zapier,,commercial research,MOFU,comparison,P2,automation,/es/recursos/,published,resource:n8n-vs-zapier,"index,follow",n8n vs Zapier | Guía de decisión de Pixvo — España,n8n vs Zapier
/mx/recursos/crm-vs-automatizacion-de-leads/,mx,leads,CRM vs automatización de leads,,commercial research,MOFU,comparison,P2,leads,/mx/recursos/,published,resource:crm-vs-automatizacion-de-leads,"index,follow",CRM vs automatización de leads | Guía de decisión de Pixvo — México,CRM vs automatización de leads
/ar/recursos/crm-vs-automatizacion-de-leads/,ar,leads,CRM vs automatización de leads,,commercial research,MOFU,comparison,P2,leads,/ar/recursos/,published,resource:crm-vs-automatizacion-de-leads,"index,follow",CRM vs automatización de leads | Guía de decisión de Pixvo — Argentina,CRM vs automatización de leads
/es/recursos/crm-vs-automatizacion-de-leads/,es,leads,CRM vs automatización de leads,,commercial research,MOFU,comparison,P2,leads,/es/recursos/,published,resource:crm-vs-automatizacion-de-leads,"index,follow",CRM vs automatización de leads | Guía de decisión de Pixvo — España,CRM vs automatización de leads
/mx/recursos/rediseno-web-vs-optimizacion-cro/,mx,cro,Rediseño web vs optimización CRO,,commercial research,MOFU,comparison,P2,cro,/mx/recursos/,published,resource:rediseno-web-vs-optimizacion-cro,"index,follow",Rediseño web vs optimización CRO | Guía de decisión de Pixvo — México,Rediseño web vs optimización CRO
/ar/recursos/rediseno-web-vs-optimizacion-cro/,ar,cro,Rediseño web vs optimización CRO,,commercial research,MOFU,comparison,P2,cro,/ar/recursos/,published,resource:rediseno-web-vs-optimizacion-cro,"index,follow",Rediseño web vs optimización CRO | Guía de decisión de Pixvo — Argentina,Rediseño web vs optimización CRO
/es/recursos/rediseno-web-vs-optimizacion-cro/,es,cro,Rediseño web vs optimización CRO,,commercial research,MOFU,comparison,P2,cro,/es/recursos/,published,resource:rediseno-web-vs-optimizacion-cro,"index,follow",Rediseño web vs optimización CRO | Guía de decisión de Pixvo — España,Rediseño web vs optimización CRO
/mx/recursos/seo-vs-sistema-de-crecimiento/,mx,growth-system,SEO vs sistema de crecimiento digital,,commercial research,MOFU,comparison,P2,growth-system,/mx/recursos/,published,resource:seo-vs-sistema-de-crecimiento,"index,follow",SEO vs sistema de crecimiento digital | Guía de decisión de Pixvo — México,SEO vs sistema de crecimiento digital
/ar/recursos/seo-vs-sistema-de-crecimiento/,ar,growth-system,SEO vs sistema de crecimiento digital,,commercial research,MOFU,comparison,P2,growth-system,/ar/recursos/,published,resource:seo-vs-sistema-de-crecimiento,"index,follow",SEO vs sistema de crecimiento digital | Guía de decisión de Pixvo — Argentina,SEO vs sistema de crecimiento digital
/es/recursos/seo-vs-sistema-de-crecimiento/,es,growth-system,SEO vs sistema de crecimiento digital,,commercial research,MOFU,comparison,P2,growth-system,/es/recursos/,published,resource:seo-vs-sistema-de-crecimiento,"index,follow",SEO vs sistema de crecimiento digital | Guía de decisión de Pixvo — España,SEO vs sistema de crecimiento digital
/mx/blog/,mx,editorial,blog de Pixvo,SEO; automatización; analítica; desarrollo,informational,TOFU,blog_index,P2,read,/mx/,published,blog-index,"index,follow",Blog de tecnología y crecimiento | Pixvo — México,Blog de Pixvo
/ar/blog/,ar,editorial,blog de Pixvo,SEO; automatización; analítica; desarrollo,informational,TOFU,blog_index,P2,read,/ar/,published,blog-index,"index,follow",Blog de tecnología y crecimiento | Pixvo — Argentina,Blog de Pixvo
/es/blog/,es,editorial,blog de Pixvo,SEO; automatización; analítica; desarrollo,informational,TOFU,blog_index,P2,read,/es/,published,blog-index,"index,follow",Blog de tecnología y crecimiento | Pixvo — España,Blog de Pixvo
/mx/blog/ataque-real-en-npm-como-el-compromiso-de-axios-expuso-miles-de-entornos-sin-que-nadie-lo-notara/,mx,editorial:security,Ataque real en NPM: cómo el compromiso de Axios expuso miles de entornos sin que nadie lo notara,NPM; Axios; Supply chain; JavaScript,informational,TOFU,article,P2,growthSystem,/mx/blog/,published,article:ataque-real-en-npm-como-el-compromiso-de-axios-expuso-miles-de-entornos-sin-que-nadie-lo-notara,"index,follow",Ataque real en NPM: cómo el compromiso de Axios expuso miles de entornos sin que nadie lo notara | Pixvo — México,Ataque real en NPM: cómo el compromiso de Axios expuso miles de entornos sin que nadie lo notara
/ar/blog/ataque-real-en-npm-como-el-compromiso-de-axios-expuso-miles-de-entornos-sin-que-nadie-lo-notara/,ar,editorial:security,Ataque real en NPM: cómo el compromiso de Axios expuso miles de entornos sin que nadie lo notara,NPM; Axios; Supply chain; JavaScript,informational,TOFU,article,P2,growthSystem,/ar/blog/,published,article:ataque-real-en-npm-como-el-compromiso-de-axios-expuso-miles-de-entornos-sin-que-nadie-lo-notara,"index,follow",Ataque real en NPM: cómo el compromiso de Axios expuso miles de entornos sin que nadie lo notara | Pixvo — Argentina,Ataque real en NPM: cómo el compromiso de Axios expuso miles de entornos sin que nadie lo notara
/es/blog/ataque-real-en-npm-como-el-compromiso-de-axios-expuso-miles-de-entornos-sin-que-nadie-lo-notara/,es,editorial:security,Ataque real en NPM: cómo el compromiso de Axios expuso miles de entornos sin que nadie lo notara,NPM; Axios; Supply chain; JavaScript,informational,TOFU,article,P2,growthSystem,/es/blog/,published,article:ataque-real-en-npm-como-el-compromiso-de-axios-expuso-miles-de-entornos-sin-que-nadie-lo-notara,"index,follow",Ataque real en NPM: cómo el compromiso de Axios expuso miles de entornos sin que nadie lo notara | Pixvo — España,Ataque real en NPM: cómo el compromiso de Axios expuso miles de entornos sin que nadie lo notara
/mx/blog/matriz-objetivo-icp-canal-lead-magnet-pagina-evento-de-conversion-metricas/,mx,editorial:analytics-conversion,Matriz Objetivo / ICP / Canal / Lead Magnet / Página / Evento de Conversión / Métricas,ICP; Conversión; Métricas; Funnel,informational-commercial,TOFU,article,P3,analytics,/mx/blog/,published,article:matriz-objetivo-icp-canal-lead-magnet-pagina-evento-de-conversion-metricas,"index,follow",Matriz Objetivo / ICP / Canal / Lead Magnet / Página / Evento de Conversión / Métricas | Pixvo — México,Matriz Objetivo / ICP / Canal / Lead Magnet / Página / Evento de Conversión / Métricas
/ar/blog/matriz-objetivo-icp-canal-lead-magnet-pagina-evento-de-conversion-metricas/,ar,editorial:analytics-conversion,Matriz Objetivo / ICP / Canal / Lead Magnet / Página / Evento de Conversión / Métricas,ICP; Conversión; Métricas; Funnel,informational-commercial,TOFU,article,P3,analytics,/ar/blog/,published,article:matriz-objetivo-icp-canal-lead-magnet-pagina-evento-de-conversion-metricas,"index,follow",Matriz Objetivo / ICP / Canal / Lead Magnet / Página / Evento de Conversión / Métricas | Pixvo — Argentina,Matriz Objetivo / ICP / Canal / Lead Magnet / Página / Evento de Conversión / Métricas
/es/blog/matriz-objetivo-icp-canal-lead-magnet-pagina-evento-de-conversion-metricas/,es,editorial:analytics-conversion,Matriz Objetivo / ICP / Canal / Lead Magnet / Página / Evento de Conversión / Métricas,ICP; Conversión; Métricas; Funnel,informational-commercial,TOFU,article,P3,analytics,/es/blog/,published,article:matriz-objetivo-icp-canal-lead-magnet-pagina-evento-de-conversion-metricas,"index,follow",Matriz Objetivo / ICP / Canal / Lead Magnet / Página / Evento de Conversión / Métricas | Pixvo — España,Matriz Objetivo / ICP / Canal / Lead Magnet / Página / Evento de Conversión / Métricas
/mx/blog/por-que-un-sitio-wordpress-no-puede-quedar-librado-a-la-suerte-y-como-evitar-dolores-de-cabeza-despues/,mx,editorial:wordpress,Por qué un sitio WordPress no puede quedar librado a la suerte (y cómo evitar dolores de cabeza después),WordPress; Mantenimiento; Seguridad; Rendimiento,informational-commercial,TOFU,article,P3,wordpressOptimization,/mx/blog/,published,article:por-que-un-sitio-wordpress-no-puede-quedar-librado-a-la-suerte-y-como-evitar-dolores-de-cabeza-despues,"index,follow",Por qué un sitio WordPress no puede quedar librado a la suerte (y cómo evitar dolores de cabeza después) | Pixvo — México,Por qué un sitio WordPress no puede quedar librado a la suerte (y cómo evitar dolores de cabeza después)
/ar/blog/por-que-un-sitio-wordpress-no-puede-quedar-librado-a-la-suerte-y-como-evitar-dolores-de-cabeza-despues/,ar,editorial:wordpress,Por qué un sitio WordPress no puede quedar librado a la suerte (y cómo evitar dolores de cabeza después),WordPress; Mantenimiento; Seguridad; Rendimiento,informational-commercial,TOFU,article,P3,wordpressOptimization,/ar/blog/,published,article:por-que-un-sitio-wordpress-no-puede-quedar-librado-a-la-suerte-y-como-evitar-dolores-de-cabeza-despues,"index,follow",Por qué un sitio WordPress no puede quedar librado a la suerte (y cómo evitar dolores de cabeza después) | Pixvo — Argentina,Por qué un sitio WordPress no puede quedar librado a la suerte (y cómo evitar dolores de cabeza después)
/es/blog/por-que-un-sitio-wordpress-no-puede-quedar-librado-a-la-suerte-y-como-evitar-dolores-de-cabeza-despues/,es,editorial:wordpress,Por qué un sitio WordPress no puede quedar librado a la suerte (y cómo evitar dolores de cabeza después),WordPress; Mantenimiento; Seguridad; Rendimiento,informational-commercial,TOFU,article,P3,wordpressOptimization,/es/blog/,published,article:por-que-un-sitio-wordpress-no-puede-quedar-librado-a-la-suerte-y-como-evitar-dolores-de-cabeza-despues,"index,follow",Por qué un sitio WordPress no puede quedar librado a la suerte (y cómo evitar dolores de cabeza después) | Pixvo — España,Por qué un sitio WordPress no puede quedar librado a la suerte (y cómo evitar dolores de cabeza después)
/mx/blog/como-una-buena-automatizacion-puede-cambiar-por-completo-el-flujo-de-trabajo-de-tu-empresa/,mx,editorial:automation,Cómo una buena automatización puede cambiar por completo el flujo de trabajo de tu empresa,CRM; Formularios; Integraciones; Software,informational-commercial,TOFU,article,P3,automationProcesses,/mx/blog/,published,article:como-una-buena-automatizacion-puede-cambiar-por-completo-el-flujo-de-trabajo-de-tu-empresa,"index,follow",Cómo una buena automatización puede cambiar por completo el flujo de trabajo de tu empresa | Pixvo — México,Cómo una buena automatización puede cambiar por completo el flujo de trabajo de tu empresa
/ar/blog/como-una-buena-automatizacion-puede-cambiar-por-completo-el-flujo-de-trabajo-de-tu-empresa/,ar,editorial:automation,Cómo una buena automatización puede cambiar por completo el flujo de trabajo de tu empresa,CRM; Formularios; Integraciones; Software,informational-commercial,TOFU,article,P3,automationProcesses,/ar/blog/,published,article:como-una-buena-automatizacion-puede-cambiar-por-completo-el-flujo-de-trabajo-de-tu-empresa,"index,follow",Cómo una buena automatización puede cambiar por completo el flujo de trabajo de tu empresa | Pixvo — Argentina,Cómo una buena automatización puede cambiar por completo el flujo de trabajo de tu empresa
/es/blog/como-una-buena-automatizacion-puede-cambiar-por-completo-el-flujo-de-trabajo-de-tu-empresa/,es,editorial:automation,Cómo una buena automatización puede cambiar por completo el flujo de trabajo de tu empresa,CRM; Formularios; Integraciones; Software,informational-commercial,TOFU,article,P3,automationProcesses,/es/blog/,published,article:como-una-buena-automatizacion-puede-cambiar-por-completo-el-flujo-de-trabajo-de-tu-empresa,"index,follow",Cómo una buena automatización puede cambiar por completo el flujo de trabajo de tu empresa | Pixvo — España,Cómo una buena automatización puede cambiar por completo el flujo de trabajo de tu empresa
/mx/blog/por-que-geeksy-shop-es-hoy-una-de-las-mejores-fuentes-para-comprar-productos-del-fandom-y-como-aprovecharlo-desde-pixvo-tech/,mx,editorial:seo-content,Por qué Geeksy.shop es hoy una de las mejores fuentes para comprar productos del fandom,Geeksy; E-commerce; Afiliación; Contenido,informational-commercial,TOFU,article,P3,seoForSmes,/mx/blog/,published,article:por-que-geeksy-shop-es-hoy-una-de-las-mejores-fuentes-para-comprar-productos-del-fandom-y-como-aprovecharlo-desde-pixvo-tech,"index,follow",Por qué Geeksy.shop es hoy una de las mejores fuentes para comprar productos del fandom | Pixvo — México,Por qué Geeksy.shop es hoy una de las mejores fuentes para comprar productos del fandom
/ar/blog/por-que-geeksy-shop-es-hoy-una-de-las-mejores-fuentes-para-comprar-productos-del-fandom-y-como-aprovecharlo-desde-pixvo-tech/,ar,editorial:seo-content,Por qué Geeksy.shop es hoy una de las mejores fuentes para comprar productos del fandom,Geeksy; E-commerce; Afiliación; Contenido,informational-commercial,TOFU,article,P3,seoForSmes,/ar/blog/,published,article:por-que-geeksy-shop-es-hoy-una-de-las-mejores-fuentes-para-comprar-productos-del-fandom-y-como-aprovecharlo-desde-pixvo-tech,"index,follow",Por qué Geeksy.shop es hoy una de las mejores fuentes para comprar productos del fandom | Pixvo — Argentina,Por qué Geeksy.shop es hoy una de las mejores fuentes para comprar productos del fandom
/es/blog/por-que-geeksy-shop-es-hoy-una-de-las-mejores-fuentes-para-comprar-productos-del-fandom-y-como-aprovecharlo-desde-pixvo-tech/,es,editorial:seo-content,Por qué Geeksy.shop es hoy una de las mejores fuentes para comprar productos del fandom,Geeksy; E-commerce; Afiliación; Contenido,informational-commercial,TOFU,article,P3,seoForSmes,/es/blog/,published,article:por-que-geeksy-shop-es-hoy-una-de-las-mejores-fuentes-para-comprar-productos-del-fandom-y-como-aprovecharlo-desde-pixvo-tech,"index,follow",Por qué Geeksy.shop es hoy una de las mejores fuentes para comprar productos del fandom | Pixvo — España,Por qué Geeksy.shop es hoy una de las mejores fuentes para comprar productos del fandom
/mx/blog/black-friday-y-cyber-week-el-momento-del-ano-donde-tu-negocio-no-puede-improvisar/,mx,editorial:conversion-campaigns,Black Friday y Cyber Week: el momento del año donde tu negocio no puede improvisar,Black Friday; Cyber Week; E-commerce; Campañas,informational-commercial,TOFU,article,P3,cro,/mx/blog/,published,article:black-friday-y-cyber-week-el-momento-del-ano-donde-tu-negocio-no-puede-improvisar,"index,follow",Black Friday y Cyber Week: el momento del año donde tu negocio no puede improvisar | Pixvo — México,Black Friday y Cyber Week: el momento del año donde tu negocio no puede improvisar
/ar/blog/black-friday-y-cyber-week-el-momento-del-ano-donde-tu-negocio-no-puede-improvisar/,ar,editorial:conversion-campaigns,Black Friday y Cyber Week: el momento del año donde tu negocio no puede improvisar,Black Friday; Cyber Week; E-commerce; Campañas,informational-commercial,TOFU,article,P3,cro,/ar/blog/,published,article:black-friday-y-cyber-week-el-momento-del-ano-donde-tu-negocio-no-puede-improvisar,"index,follow",Black Friday y Cyber Week: el momento del año donde tu negocio no puede improvisar | Pixvo — Argentina,Black Friday y Cyber Week: el momento del año donde tu negocio no puede improvisar
/es/blog/black-friday-y-cyber-week-el-momento-del-ano-donde-tu-negocio-no-puede-improvisar/,es,editorial:conversion-campaigns,Black Friday y Cyber Week: el momento del año donde tu negocio no puede improvisar,Black Friday; Cyber Week; E-commerce; Campañas,informational-commercial,TOFU,article,P3,cro,/es/blog/,published,article:black-friday-y-cyber-week-el-momento-del-ano-donde-tu-negocio-no-puede-improvisar,"index,follow",Black Friday y Cyber Week: el momento del año donde tu negocio no puede improvisar | Pixvo — España,Black Friday y Cyber Week: el momento del año donde tu negocio no puede improvisar
/mx/blog/el-mal-uso-de-la-ia-y-sus-consecuencias-reales-el-ejemplo-critico-de-los-libros-de-foraging-en-amazon/,mx,editorial:content-governance,El mal uso de la IA y sus consecuencias reales: el ejemplo crítico de los libros de foraging en Amazon,IA; Verificación; Riesgo; Contenido,informational,TOFU,article,P3,contentSeo,/mx/blog/,published,article:el-mal-uso-de-la-ia-y-sus-consecuencias-reales-el-ejemplo-critico-de-los-libros-de-foraging-en-amazon,"index,follow",El mal uso de la IA y sus consecuencias reales: el ejemplo crítico de los libros de foraging en Amazon | Pixvo — México,El mal uso de la IA y sus consecuencias reales: el ejemplo crítico de los libros de foraging en Amazon
/ar/blog/el-mal-uso-de-la-ia-y-sus-consecuencias-reales-el-ejemplo-critico-de-los-libros-de-foraging-en-amazon/,ar,editorial:content-governance,El mal uso de la IA y sus consecuencias reales: el ejemplo crítico de los libros de foraging en Amazon,IA; Verificación; Riesgo; Contenido,informational,TOFU,article,P3,contentSeo,/ar/blog/,published,article:el-mal-uso-de-la-ia-y-sus-consecuencias-reales-el-ejemplo-critico-de-los-libros-de-foraging-en-amazon,"index,follow",El mal uso de la IA y sus consecuencias reales: el ejemplo crítico de los libros de foraging en Amazon | Pixvo — Argentina,El mal uso de la IA y sus consecuencias reales: el ejemplo crítico de los libros de foraging en Amazon
/es/blog/el-mal-uso-de-la-ia-y-sus-consecuencias-reales-el-ejemplo-critico-de-los-libros-de-foraging-en-amazon/,es,editorial:content-governance,El mal uso de la IA y sus consecuencias reales: el ejemplo crítico de los libros de foraging en Amazon,IA; Verificación; Riesgo; Contenido,informational,TOFU,article,P3,contentSeo,/es/blog/,published,article:el-mal-uso-de-la-ia-y-sus-consecuencias-reales-el-ejemplo-critico-de-los-libros-de-foraging-en-amazon,"index,follow",El mal uso de la IA y sus consecuencias reales: el ejemplo crítico de los libros de foraging en Amazon | Pixvo — España,El mal uso de la IA y sus consecuencias reales: el ejemplo crítico de los libros de foraging en Amazon
/mx/blog/por-que-necesitas-un-sitio-web-profesional-en-2025-y-como-conseguir-hosting-premium-con-descuento/,mx,editorial:wordpress-conversion,Por qué necesitás un sitio web profesional en 2025 (y cómo conseguir hosting premium con descuento),Sitio web; Hosting; Marca; Conversión,informational-commercial,TOFU,article,P3,wordpressOptimization,/mx/blog/,published,article:por-que-necesitas-un-sitio-web-profesional-en-2025-y-como-conseguir-hosting-premium-con-descuento,"index,follow",Por qué necesitás un sitio web profesional en 2025 (y cómo conseguir hosting premium con descuento) | Pixvo — México,Por qué necesitás un sitio web profesional en 2025 (y cómo conseguir hosting premium con descuento)
/ar/blog/por-que-necesitas-un-sitio-web-profesional-en-2025-y-como-conseguir-hosting-premium-con-descuento/,ar,editorial:wordpress-conversion,Por qué necesitás un sitio web profesional en 2025 (y cómo conseguir hosting premium con descuento),Sitio web; Hosting; Marca; Conversión,informational-commercial,TOFU,article,P3,wordpressOptimization,/ar/blog/,published,article:por-que-necesitas-un-sitio-web-profesional-en-2025-y-como-conseguir-hosting-premium-con-descuento,"index,follow",Por qué necesitás un sitio web profesional en 2025 (y cómo conseguir hosting premium con descuento) | Pixvo — Argentina,Por qué necesitás un sitio web profesional en 2025 (y cómo conseguir hosting premium con descuento)
/es/blog/por-que-necesitas-un-sitio-web-profesional-en-2025-y-como-conseguir-hosting-premium-con-descuento/,es,editorial:wordpress-conversion,Por qué necesitás un sitio web profesional en 2025 (y cómo conseguir hosting premium con descuento),Sitio web; Hosting; Marca; Conversión,informational-commercial,TOFU,article,P3,wordpressOptimization,/es/blog/,published,article:por-que-necesitas-un-sitio-web-profesional-en-2025-y-como-conseguir-hosting-premium-con-descuento,"index,follow",Por qué necesitás un sitio web profesional en 2025 (y cómo conseguir hosting premium con descuento) | Pixvo — España,Por qué necesitás un sitio web profesional en 2025 (y cómo conseguir hosting premium con descuento)
/mx/blog/la-importancia-de-las-decisiones-y-resoluciones-eficientes-en-la-gestion-de-pequenas-y-medianas-empresas/,mx,editorial:growth-operations,La importancia de las decisiones y resoluciones eficientes en la gestión de pequeñas y medianas empresas,PyMEs; Decisiones; Procesos; Datos,informational-commercial,TOFU,article,P3,growthSystem,/mx/blog/,published,article:la-importancia-de-las-decisiones-y-resoluciones-eficientes-en-la-gestion-de-pequenas-y-medianas-empresas,"index,follow",La importancia de las decisiones y resoluciones eficientes en la gestión de pequeñas y medianas empresas | Pixvo — México,La importancia de las decisiones y resoluciones eficientes en la gestión de pequeñas y medianas empresas
/ar/blog/la-importancia-de-las-decisiones-y-resoluciones-eficientes-en-la-gestion-de-pequenas-y-medianas-empresas/,ar,editorial:growth-operations,La importancia de las decisiones y resoluciones eficientes en la gestión de pequeñas y medianas empresas,PyMEs; Decisiones; Procesos; Datos,informational-commercial,TOFU,article,P3,growthSystem,/ar/blog/,published,article:la-importancia-de-las-decisiones-y-resoluciones-eficientes-en-la-gestion-de-pequenas-y-medianas-empresas,"index,follow",La importancia de las decisiones y resoluciones eficientes en la gestión de pequeñas y medianas empresas | Pixvo — Argentina,La importancia de las decisiones y resoluciones eficientes en la gestión de pequeñas y medianas empresas
/es/blog/la-importancia-de-las-decisiones-y-resoluciones-eficientes-en-la-gestion-de-pequenas-y-medianas-empresas/,es,editorial:growth-operations,La importancia de las decisiones y resoluciones eficientes en la gestión de pequeñas y medianas empresas,PyMEs; Decisiones; Procesos; Datos,informational-commercial,TOFU,article,P3,growthSystem,/es/blog/,published,article:la-importancia-de-las-decisiones-y-resoluciones-eficientes-en-la-gestion-de-pequenas-y-medianas-empresas,"index,follow",La importancia de las decisiones y resoluciones eficientes en la gestión de pequeñas y medianas empresas | Pixvo — España,La importancia de las decisiones y resoluciones eficientes en la gestión de pequeñas y medianas empresas
/mx/blog/crear-un-sitio-web-rapido-con-las-herramientas-de-ia-de-hostinger/,mx,editorial:website-builders,Crear un sitio web rápido con las herramientas de IA de Hostinger,Hostinger; IA; Website Builder; No-code,informational-commercial,TOFU,article,P3,wordpressOptimization,/mx/blog/,published,article:crear-un-sitio-web-rapido-con-las-herramientas-de-ia-de-hostinger,"index,follow",Crear un sitio web rápido con las herramientas de IA de Hostinger | Pixvo — México,Crear un sitio web rápido con las herramientas de IA de Hostinger
/ar/blog/crear-un-sitio-web-rapido-con-las-herramientas-de-ia-de-hostinger/,ar,editorial:website-builders,Crear un sitio web rápido con las herramientas de IA de Hostinger,Hostinger; IA; Website Builder; No-code,informational-commercial,TOFU,article,P3,wordpressOptimization,/ar/blog/,published,article:crear-un-sitio-web-rapido-con-las-herramientas-de-ia-de-hostinger,"index,follow",Crear un sitio web rápido con las herramientas de IA de Hostinger | Pixvo — Argentina,Crear un sitio web rápido con las herramientas de IA de Hostinger
/es/blog/crear-un-sitio-web-rapido-con-las-herramientas-de-ia-de-hostinger/,es,editorial:website-builders,Crear un sitio web rápido con las herramientas de IA de Hostinger,Hostinger; IA; Website Builder; No-code,informational-commercial,TOFU,article,P3,wordpressOptimization,/es/blog/,published,article:crear-un-sitio-web-rapido-con-las-herramientas-de-ia-de-hostinger,"index,follow",Crear un sitio web rápido con las herramientas de IA de Hostinger | Pixvo — España,Crear un sitio web rápido con las herramientas de IA de Hostinger
/mx/blog/la-ia-esta-matando-la-creatividad/,mx,editorial:content-strategy,La IA está matando la creatividad,IA; Creatividad; Criterio; Proceso,informational,TOFU,article,P3,contentSeo,/mx/blog/,published,article:la-ia-esta-matando-la-creatividad,"index,follow",La IA está matando la creatividad | Pixvo — México,La IA está matando la creatividad
/ar/blog/la-ia-esta-matando-la-creatividad/,ar,editorial:content-strategy,La IA está matando la creatividad,IA; Creatividad; Criterio; Proceso,informational,TOFU,article,P3,contentSeo,/ar/blog/,published,article:la-ia-esta-matando-la-creatividad,"index,follow",La IA está matando la creatividad | Pixvo — Argentina,La IA está matando la creatividad
/es/blog/la-ia-esta-matando-la-creatividad/,es,editorial:content-strategy,La IA está matando la creatividad,IA; Creatividad; Criterio; Proceso,informational,TOFU,article,P3,contentSeo,/es/blog/,published,article:la-ia-esta-matando-la-creatividad,"index,follow",La IA está matando la creatividad | Pixvo — España,La IA está matando la creatividad
/mx/blog/redactar-sin-ia-reduce-productividad-evidencia-limites-y-como-implementarlo-en-marketing/,mx,editorial:content-automation,"Redactar sin IA reduce productividad: evidencia, límites y cómo implementarlo en marketing",IA; Redacción; Marketing; Productividad,informational-commercial,TOFU,article,P3,contentSeo,/mx/blog/,published,article:redactar-sin-ia-reduce-productividad-evidencia-limites-y-como-implementarlo-en-marketing,"index,follow","Redactar sin IA reduce productividad: evidencia, límites y cómo implementarlo en marketing | Pixvo — México","Redactar sin IA reduce productividad: evidencia, límites y cómo implementarlo en marketing"
/ar/blog/redactar-sin-ia-reduce-productividad-evidencia-limites-y-como-implementarlo-en-marketing/,ar,editorial:content-automation,"Redactar sin IA reduce productividad: evidencia, límites y cómo implementarlo en marketing",IA; Redacción; Marketing; Productividad,informational-commercial,TOFU,article,P3,contentSeo,/ar/blog/,published,article:redactar-sin-ia-reduce-productividad-evidencia-limites-y-como-implementarlo-en-marketing,"index,follow","Redactar sin IA reduce productividad: evidencia, límites y cómo implementarlo en marketing | Pixvo — Argentina","Redactar sin IA reduce productividad: evidencia, límites y cómo implementarlo en marketing"
/es/blog/redactar-sin-ia-reduce-productividad-evidencia-limites-y-como-implementarlo-en-marketing/,es,editorial:content-automation,"Redactar sin IA reduce productividad: evidencia, límites y cómo implementarlo en marketing",IA; Redacción; Marketing; Productividad,informational-commercial,TOFU,article,P3,contentSeo,/es/blog/,published,article:redactar-sin-ia-reduce-productividad-evidencia-limites-y-como-implementarlo-en-marketing,"index,follow","Redactar sin IA reduce productividad: evidencia, límites y cómo implementarlo en marketing | Pixvo — España","Redactar sin IA reduce productividad: evidencia, límites y cómo implementarlo en marketing"
/mx/blog/caso-de-exito-microcuotas-y-como-google-ads-desarrollo-a-medida-le-cambiaron-el-juego/,mx,editorial:automation-leads,"Google Ads, validación y Clientify: arquitectura del funnel de Microcuotas",Microcuotas; Google Ads; React; Automatización,informational-commercial,TOFU,article,P3,automationProcesses,/mx/blog/,published,article:caso-de-exito-microcuotas-y-como-google-ads-desarrollo-a-medida-le-cambiaron-el-juego,"index,follow","Google Ads, validación y Clientify: arquitectura del funnel de Microcuotas | Pixvo — México","Google Ads, validación y Clientify: arquitectura del funnel de Microcuotas"
/ar/blog/caso-de-exito-microcuotas-y-como-google-ads-desarrollo-a-medida-le-cambiaron-el-juego/,ar,editorial:automation-leads,"Google Ads, validación y Clientify: arquitectura del funnel de Microcuotas",Microcuotas; Google Ads; React; Automatización,informational-commercial,TOFU,article,P3,automationProcesses,/ar/blog/,published,article:caso-de-exito-microcuotas-y-como-google-ads-desarrollo-a-medida-le-cambiaron-el-juego,"index,follow","Google Ads, validación y Clientify: arquitectura del funnel de Microcuotas | Pixvo — Argentina","Google Ads, validación y Clientify: arquitectura del funnel de Microcuotas"
/es/blog/caso-de-exito-microcuotas-y-como-google-ads-desarrollo-a-medida-le-cambiaron-el-juego/,es,editorial:automation-leads,"Google Ads, validación y Clientify: arquitectura del funnel de Microcuotas",Microcuotas; Google Ads; React; Automatización,informational-commercial,TOFU,article,P3,automationProcesses,/es/blog/,published,article:caso-de-exito-microcuotas-y-como-google-ads-desarrollo-a-medida-le-cambiaron-el-juego,"index,follow","Google Ads, validación y Clientify: arquitectura del funnel de Microcuotas | Pixvo — España","Google Ads, validación y Clientify: arquitectura del funnel de Microcuotas"
/blog/,global,editorial,blog de Pixvo internacional,SEO; automatización; analítica; desarrollo,informational,TOFU,blog_index,P3,read,/,published,blog-index,"index,follow","Blog de SEO, automatización y tecnología | Pixvo",Blog de Pixvo
/blog/ataque-real-en-npm-como-el-compromiso-de-axios-expuso-miles-de-entornos-sin-que-nadie-lo-notara/,global,editorial:security,Ataque real en NPM: cómo el compromiso de Axios expuso miles de entornos sin que nadie lo notara,NPM; Axios; Supply chain; JavaScript,informational,TOFU,article,P2,growthSystem,/blog/,published,article:ataque-real-en-npm-como-el-compromiso-de-axios-expuso-miles-de-entornos-sin-que-nadie-lo-notara,"index,follow",Ataque real en NPM: cómo el compromiso de Axios expuso miles de entornos sin que nadie lo notara | Pixvo,Ataque real en NPM: cómo el compromiso de Axios expuso miles de entornos sin que nadie lo notara
/blog/matriz-objetivo-icp-canal-lead-magnet-pagina-evento-de-conversion-metricas/,global,editorial:analytics-conversion,Matriz Objetivo / ICP / Canal / Lead Magnet / Página / Evento de Conversión / Métricas,ICP; Conversión; Métricas; Funnel,informational-commercial,TOFU,article,P3,analytics,/blog/,published,article:matriz-objetivo-icp-canal-lead-magnet-pagina-evento-de-conversion-metricas,"index,follow",Matriz Objetivo / ICP / Canal / Lead Magnet / Página / Evento de Conversión / Métricas | Pixvo,Matriz Objetivo / ICP / Canal / Lead Magnet / Página / Evento de Conversión / Métricas
/blog/por-que-un-sitio-wordpress-no-puede-quedar-librado-a-la-suerte-y-como-evitar-dolores-de-cabeza-despues/,global,editorial:wordpress,Por qué un sitio WordPress no puede quedar librado a la suerte (y cómo evitar dolores de cabeza después),WordPress; Mantenimiento; Seguridad; Rendimiento,informational-commercial,TOFU,article,P3,wordpressOptimization,/blog/,published,article:por-que-un-sitio-wordpress-no-puede-quedar-librado-a-la-suerte-y-como-evitar-dolores-de-cabeza-despues,"index,follow",Por qué un sitio WordPress no puede quedar librado a la suerte (y cómo evitar dolores de cabeza después) | Pixvo,Por qué un sitio WordPress no puede quedar librado a la suerte (y cómo evitar dolores de cabeza después)
/blog/como-una-buena-automatizacion-puede-cambiar-por-completo-el-flujo-de-trabajo-de-tu-empresa/,global,editorial:automation,Cómo una buena automatización puede cambiar por completo el flujo de trabajo de tu empresa,CRM; Formularios; Integraciones; Software,informational-commercial,TOFU,article,P3,automationProcesses,/blog/,published,article:como-una-buena-automatizacion-puede-cambiar-por-completo-el-flujo-de-trabajo-de-tu-empresa,"index,follow",Cómo una buena automatización puede cambiar por completo el flujo de trabajo de tu empresa | Pixvo,Cómo una buena automatización puede cambiar por completo el flujo de trabajo de tu empresa
/blog/por-que-geeksy-shop-es-hoy-una-de-las-mejores-fuentes-para-comprar-productos-del-fandom-y-como-aprovecharlo-desde-pixvo-tech/,global,editorial:seo-content,Por qué Geeksy.shop es hoy una de las mejores fuentes para comprar productos del fandom,Geeksy; E-commerce; Afiliación; Contenido,informational-commercial,TOFU,article,P3,seoForSmes,/blog/,published,article:por-que-geeksy-shop-es-hoy-una-de-las-mejores-fuentes-para-comprar-productos-del-fandom-y-como-aprovecharlo-desde-pixvo-tech,"index,follow",Por qué Geeksy.shop es hoy una de las mejores fuentes para comprar productos del fandom | Pixvo,Por qué Geeksy.shop es hoy una de las mejores fuentes para comprar productos del fandom
/blog/black-friday-y-cyber-week-el-momento-del-ano-donde-tu-negocio-no-puede-improvisar/,global,editorial:conversion-campaigns,Black Friday y Cyber Week: el momento del año donde tu negocio no puede improvisar,Black Friday; Cyber Week; E-commerce; Campañas,informational-commercial,TOFU,article,P3,cro,/blog/,published,article:black-friday-y-cyber-week-el-momento-del-ano-donde-tu-negocio-no-puede-improvisar,"index,follow",Black Friday y Cyber Week: el momento del año donde tu negocio no puede improvisar | Pixvo,Black Friday y Cyber Week: el momento del año donde tu negocio no puede improvisar
/blog/el-mal-uso-de-la-ia-y-sus-consecuencias-reales-el-ejemplo-critico-de-los-libros-de-foraging-en-amazon/,global,editorial:content-governance,El mal uso de la IA y sus consecuencias reales: el ejemplo crítico de los libros de foraging en Amazon,IA; Verificación; Riesgo; Contenido,informational,TOFU,article,P3,contentSeo,/blog/,published,article:el-mal-uso-de-la-ia-y-sus-consecuencias-reales-el-ejemplo-critico-de-los-libros-de-foraging-en-amazon,"index,follow",El mal uso de la IA y sus consecuencias reales: el ejemplo crítico de los libros de foraging en Amazon | Pixvo,El mal uso de la IA y sus consecuencias reales: el ejemplo crítico de los libros de foraging en Amazon
/blog/por-que-necesitas-un-sitio-web-profesional-en-2025-y-como-conseguir-hosting-premium-con-descuento/,global,editorial:wordpress-conversion,Por qué necesitás un sitio web profesional en 2025 (y cómo conseguir hosting premium con descuento),Sitio web; Hosting; Marca; Conversión,informational-commercial,TOFU,article,P3,wordpressOptimization,/blog/,published,article:por-que-necesitas-un-sitio-web-profesional-en-2025-y-como-conseguir-hosting-premium-con-descuento,"index,follow",Por qué necesitás un sitio web profesional en 2025 (y cómo conseguir hosting premium con descuento) | Pixvo,Por qué necesitás un sitio web profesional en 2025 (y cómo conseguir hosting premium con descuento)
/blog/la-importancia-de-las-decisiones-y-resoluciones-eficientes-en-la-gestion-de-pequenas-y-medianas-empresas/,global,editorial:growth-operations,La importancia de las decisiones y resoluciones eficientes en la gestión de pequeñas y medianas empresas,PyMEs; Decisiones; Procesos; Datos,informational-commercial,TOFU,article,P3,growthSystem,/blog/,published,article:la-importancia-de-las-decisiones-y-resoluciones-eficientes-en-la-gestion-de-pequenas-y-medianas-empresas,"index,follow",La importancia de las decisiones y resoluciones eficientes en la gestión de pequeñas y medianas empresas | Pixvo,La importancia de las decisiones y resoluciones eficientes en la gestión de pequeñas y medianas empresas
/blog/crear-un-sitio-web-rapido-con-las-herramientas-de-ia-de-hostinger/,global,editorial:website-builders,Crear un sitio web rápido con las herramientas de IA de Hostinger,Hostinger; IA; Website Builder; No-code,informational-commercial,TOFU,article,P3,wordpressOptimization,/blog/,published,article:crear-un-sitio-web-rapido-con-las-herramientas-de-ia-de-hostinger,"index,follow",Crear un sitio web rápido con las herramientas de IA de Hostinger | Pixvo,Crear un sitio web rápido con las herramientas de IA de Hostinger
/blog/la-ia-esta-matando-la-creatividad/,global,editorial:content-strategy,La IA está matando la creatividad,IA; Creatividad; Criterio; Proceso,informational,TOFU,article,P3,contentSeo,/blog/,published,article:la-ia-esta-matando-la-creatividad,"index,follow",La IA está matando la creatividad | Pixvo,La IA está matando la creatividad
/blog/redactar-sin-ia-reduce-productividad-evidencia-limites-y-como-implementarlo-en-marketing/,global,editorial:content-automation,"Redactar sin IA reduce productividad: evidencia, límites y cómo implementarlo en marketing",IA; Redacción; Marketing; Productividad,informational-commercial,TOFU,article,P3,contentSeo,/blog/,published,article:redactar-sin-ia-reduce-productividad-evidencia-limites-y-como-implementarlo-en-marketing,"index,follow","Redactar sin IA reduce productividad: evidencia, límites y cómo implementarlo en marketing | Pixvo","Redactar sin IA reduce productividad: evidencia, límites y cómo implementarlo en marketing"
/blog/caso-de-exito-microcuotas-y-como-google-ads-desarrollo-a-medida-le-cambiaron-el-juego/,global,editorial:automation-leads,"Google Ads, validación y Clientify: arquitectura del funnel de Microcuotas",Microcuotas; Google Ads; React; Automatización,informational-commercial,TOFU,article,P3,automationProcesses,/blog/,published,article:caso-de-exito-microcuotas-y-como-google-ads-desarrollo-a-medida-le-cambiaron-el-juego,"index,follow","Google Ads, validación y Clientify: arquitectura del funnel de Microcuotas | Pixvo","Google Ads, validación y Clientify: arquitectura del funnel de Microcuotas"
/proyectos/shortcodes-en-pestanas/,global,wordpress,shortcodes en pestañas para WordPress,plugin pestañas Elementor; integrar shortcodes,informational commercial,MOFU,project,P3,contact,/,published,project:shortcodes-tabs,"index,follow",Shortcodes en pestañas para WordPress | Proyecto Pixvo,Shortcodes en pestañas para WordPress
